Nome,Time,Posição,Status,Lesão,Data Atualização,Fonte
Aaron Gordon,,,Disponível,Nenhuma,2026-03-28 11:07:27,CSV (Dados Históricos)
Aaron Holiday,,,Disponível,Nenhuma,2026-03-28 11:07:27,CSV (Dados Históricos)
Abdel Nader,,,Disponível,Nenhuma,2026-03-28 11:07:27,CSV (Dados Históricos)
Adam Mokoka,,,Disponível,Nenhuma,2026-03-28 11:07:27,CSV (Dados Históricos)
Admiral Schofield,,,Disponível,Nenhuma,2026-03-28 11:07:27,CSV (Dados Históricos)
Al Horford,,,Indisponível,Apr 5,2026-03-28 11:07:27,CSV (Dados Históricos)
Al-Farouq Aminu,,,Disponível,Nenhuma,2026-03-28 11:07:27,CSV (Dados Históricos)
Alec Burks,,,Disponível,Nenhuma,2026-03-28 11:07:27,CSV (Dados Históricos)
Alen Smailagic,,,Disponível,Nenhuma,2026-03-28 11:07:27,CSV (Dados Históricos)
Alex Caruso,,,Disponível,Nenhuma,2026-03-28 11:07:27,CSV (Dados Históricos)
Alex Len,,,Disponível,Nenhuma,2026-03-28 11:07:27,CSV (Dados Históricos)
Alfonzo McKinnie,,,Disponível,Nenhuma,2026-03-28 11:07:27,CSV (Dados Históricos)
Alize Johnson,,,Disponível,Nenhuma,2026-03-28 11:07:27,CSV (Dados Históricos)
Allen Crabbe,,,Disponível,Nenhuma,2026-03-28 11:07:27,CSV (Dados Históricos)
Allonzo Trier,,,Disponível,Nenhuma,2026-03-28 11:07:27,CSV (Dados Históricos)
Amile Jefferson,,,Disponível,Nenhuma,2026-03-28 11:07:27,CSV (Dados Históricos)
Amir Coffey,,,Indisponível,Mar 30,2026-03-28 11:07:27,CSV (Dados Históricos)
Andre Drummond,,,Disponível,Nenhuma,2026-03-28 11:07:27,CSV (Dados Históricos)
Andre Iguodala,,,Disponível,Nenhuma,2026-03-28 11:07:27,CSV (Dados Históricos)
Andre Roberson,,,Disponível,Nenhuma,2026-03-28 11:07:27,CSV (Dados Históricos)
Andrew Wiggins,,,Disponível,Nenhuma,2026-03-28 11:07:27,CSV (Dados Históricos)
Anfernee Simons,,,Indisponível,Mar 28,2026-03-28 11:07:27,CSV (Dados Históricos)
Ante Zizic,,,Disponível,Nenhuma,2026-03-28 11:07:27,CSV (Dados Históricos)
Anthony Davis,,,Indisponível,Apr 1,2026-03-28 11:07:27,CSV (Dados Históricos)
Anthony Tolliver,,,Disponível,Nenhuma,2026-03-28 11:07:27,CSV (Dados Históricos)
Antonius Cleveland,,,Disponível,Nenhuma,2026-03-28 11:07:27,CSV (Dados Históricos)
Anžejs Pasečņiks,,,Disponível,Nenhuma,2026-03-28 11:07:27,CSV (Dados Históricos)
Aron Baynes,,,Disponível,Nenhuma,2026-03-28 11:07:27,CSV (Dados Históricos)
Austin Rivers,,,Disponível,Nenhuma,2026-03-28 11:07:27,CSV (Dados Históricos)
Avery Bradley,,,Disponível,Nenhuma,2026-03-28 11:07:27,CSV (Dados Históricos)
BJ Johnson,,,Disponível,Nenhuma,2026-03-28 11:07:27,CSV (Dados Históricos)
Bam Adebayo,,,Disponível,Nenhuma,2026-03-28 11:07:27,CSV (Dados Históricos)
Ben McLemore,,,Disponível,Nenhuma,2026-03-28 11:07:27,CSV (Dados Históricos)
Ben Simmons,,,Disponível,Nenhuma,2026-03-28 11:07:27,CSV (Dados Históricos)
Bismack Biyombo,,,Disponível,Nenhuma,2026-03-28 11:07:27,CSV (Dados Históricos)
Blake Griffin,,,Disponível,Nenhuma,2026-03-28 11:07:27,CSV (Dados Históricos)
Boban Marjanovic,,,Disponível,Nenhuma,2026-03-28 11:07:27,CSV (Dados Históricos)
Bobby Portis,,,Indisponível,Mar 28,2026-03-28 11:07:27,CSV (Dados Históricos)
Bogdan Bogdanović,,,Disponível,Nenhuma,2026-03-28 11:07:27,CSV (Dados Históricos)
Bojan Bogdanovic,,,Disponível,Nenhuma,2026-03-28 11:07:27,CSV (Dados Históricos)
Bol Bol,,,Disponível,Nenhuma,2026-03-28 11:07:27,CSV (Dados Históricos)
Brad Wanamaker,,,Disponível,Nenhuma,2026-03-28 11:07:27,CSV (Dados Históricos)
Bradley Beal,,,Indisponível,Oct 1,2026-03-28 11:07:27,CSV (Dados Históricos)
Brandon Clarke,,,Indisponível,Oct 1,2026-03-28 11:07:27,CSV (Dados Históricos)
Brandon Goodwin,,,Disponível,Nenhuma,2026-03-28 11:07:27,CSV (Dados Históricos)
Brandon Ingram,,,Disponível,Nenhuma,2026-03-28 11:07:27,CSV (Dados Históricos)
Brandon Knight,,,Disponível,Nenhuma,2026-03-28 11:07:27,CSV (Dados Históricos)
Brian Bowen II,,,Disponível,Nenhuma,2026-03-28 11:07:27,CSV (Dados Históricos)
Brook Lopez,,,Disponível,Nenhuma,2026-03-28 11:07:27,CSV (Dados Históricos)
Bruce Brown,,,Disponível,Nenhuma,2026-03-28 11:07:27,CSV (Dados Históricos)
Bruno Caboclo,,,Disponível,Nenhuma,2026-03-28 11:07:27,CSV (Dados Históricos)
Bruno Fernando,,,Disponível,Nenhuma,2026-03-28 11:07:27,CSV (Dados Históricos)
Bryn Forbes,,,Disponível,Nenhuma,2026-03-28 11:07:27,CSV (Dados Históricos)
Buddy Hield,,,Disponível,Nenhuma,2026-03-28 11:07:27,CSV (Dados Históricos)
CJ McCollum,,,Disponível,Nenhuma,2026-03-28 11:07:27,CSV (Dados Históricos)
CJ Miles,,,Disponível,Nenhuma,2026-03-28 11:07:27,CSV (Dados Históricos)
Caleb Martin,,,Indisponível,Mar 30,2026-03-28 11:07:27,CSV (Dados Históricos)
Caleb Swanigan,,,Disponível,Nenhuma,2026-03-28 11:07:27,CSV (Dados Históricos)
Cam Reddish,,,Disponível,Nenhuma,2026-03-28 11:07:27,CSV (Dados Históricos)
Cameron Johnson,,,Disponível,Nenhuma,2026-03-28 11:07:27,CSV (Dados Históricos)
Cameron Payne,,,Disponível,Nenhuma,2026-03-28 11:07:27,CSV (Dados Históricos)
Caris LeVert,,,Indisponível,Mar 28,2026-03-28 11:07:27,CSV (Dados Históricos)
Carmelo Anthony,,,Disponível,Nenhuma,2026-03-28 11:07:27,CSV (Dados Históricos)
Carsen Edwards,,,Disponível,Nenhuma,2026-03-28 11:07:27,CSV (Dados Históricos)
Cedi Osman,,,Disponível,Nenhuma,2026-03-28 11:07:27,CSV (Dados Históricos)
Chandler Hutchison,,,Disponível,Nenhuma,2026-03-28 11:07:27,CSV (Dados Históricos)
Chandler Parsons,,,Disponível,Nenhuma,2026-03-28 11:07:27,CSV (Dados Históricos)
Charlie Brown Jr.,,,Disponível,Nenhuma,2026-03-28 11:07:27,CSV (Dados Históricos)
Chasson Randle,,,Disponível,Nenhuma,2026-03-28 11:07:27,CSV (Dados Históricos)
Cheick Diallo,,,Disponível,Nenhuma,2026-03-28 11:07:27,CSV (Dados Históricos)
Chimezie Metu,,,Disponível,Nenhuma,2026-03-28 11:07:27,CSV (Dados Históricos)
Chris Boucher,,,Disponível,Nenhuma,2026-03-28 11:07:27,CSV (Dados Históricos)
Chris Chiozza,,,Disponível,Nenhuma,2026-03-28 11:07:27,CSV (Dados Históricos)
Chris Clemons,,,Disponível,Nenhuma,2026-03-28 11:07:27,CSV (Dados Históricos)
Chris Paul,,,Disponível,Nenhuma,2026-03-28 11:07:27,CSV (Dados Históricos)
Chris Silva,,,Disponível,Nenhuma,2026-03-28 11:07:27,CSV (Dados Históricos)
Christian Wood,,,Disponível,Nenhuma,2026-03-28 11:07:27,CSV (Dados Históricos)
Clint Capela,,,Disponível,Nenhuma,2026-03-28 11:07:27,CSV (Dados Históricos)
Coby White,,,Disponível,Nenhuma,2026-03-28 11:07:27,CSV (Dados Históricos)
Cody Martin,,,Disponível,Nenhuma,2026-03-28 11:07:27,CSV (Dados Históricos)
Cody Zeller,,,Disponível,Nenhuma,2026-03-28 11:07:27,CSV (Dados Históricos)
Collin Sexton,,,Disponível,Nenhuma,2026-03-28 11:07:27,CSV (Dados Históricos)
Corey Brewer,,,Disponível,Nenhuma,2026-03-28 11:07:27,CSV (Dados Históricos)
Cory Joseph,,,Disponível,Nenhuma,2026-03-28 11:07:27,CSV (Dados Históricos)
Courtney Lee,,,Disponível,Nenhuma,2026-03-28 11:07:27,CSV (Dados Históricos)
Cristiano Felicio,,,Disponível,Nenhuma,2026-03-28 11:07:27,CSV (Dados Históricos)
D'Angelo Russell,,,Indisponível,Apr 1,2026-03-28 11:07:27,CSV (Dados Históricos)
D.J. Augustin,,,Disponível,Nenhuma,2026-03-28 11:07:27,CSV (Dados Históricos)
D.J. Wilson,,,Disponível,Nenhuma,2026-03-28 11:07:27,CSV (Dados Históricos)
DaQuan Jeffries,,,Disponível,Nenhuma,2026-03-28 11:07:27,CSV (Dados Históricos)
Damian Jones,,,Disponível,Nenhuma,2026-03-28 11:07:27,CSV (Dados Históricos)
Damian Lillard,,,Indisponível,Oct 1,2026-03-28 11:07:27,CSV (Dados Históricos)
Damion Lee,,,Disponível,Nenhuma,2026-03-28 11:07:27,CSV (Dados Históricos)
Damyean Dotson,,,Disponível,Nenhuma,2026-03-28 11:07:27,CSV (Dados Históricos)
Daniel Gafford,,,Indisponível,Mar 30,2026-03-28 11:07:27,CSV (Dados Históricos)
Daniel Theis,,,Disponível,Nenhuma,2026-03-28 11:07:27,CSV (Dados Históricos)
Danilo Gallinari,,,Disponível,Nenhuma,2026-03-28 11:07:27,CSV (Dados Históricos)
Danny Green,,,Disponível,Nenhuma,2026-03-28 11:07:27,CSV (Dados Históricos)
Dante Exum,,,Disponível,Nenhuma,2026-03-28 11:07:27,CSV (Dados Históricos)
Danuel House Jr.,,,Disponível,Nenhuma,2026-03-28 11:07:27,CSV (Dados Históricos)
Dario Saric,,,Disponível,Nenhuma,2026-03-28 11:07:27,CSV (Dados Históricos)
Darius Bazley,,,Disponível,Nenhuma,2026-03-28 11:07:27,CSV (Dados Históricos)
Darius Garland,,,Disponível,Nenhuma,2026-03-28 11:07:27,CSV (Dados Históricos)
Daryl Macon,,,Disponível,Nenhuma,2026-03-28 11:07:27,CSV (Dados Históricos)
David Nwaba,,,Disponível,Nenhuma,2026-03-28 11:07:27,CSV (Dados Históricos)
Davis Bertans,,,Disponível,Nenhuma,2026-03-28 11:07:27,CSV (Dados Históricos)
De'Aaron Fox,,,Disponível,Nenhuma,2026-03-28 11:07:27,CSV (Dados Históricos)
De'Andre Hunter,,,Indisponível,Oct 1,2026-03-28 11:07:27,CSV (Dados Históricos)
De'Anthony Melton,,,Indisponível,Mar 29,2026-03-28 11:07:27,CSV (Dados Históricos)
DeAndre Jordan,,,Disponível,Nenhuma,2026-03-28 11:07:27,CSV (Dados Históricos)
DeAndre' Bembry,,,Disponível,Nenhuma,2026-03-28 11:07:27,CSV (Dados Históricos)
DeMar DeRozan,,,Disponível,Nenhuma,2026-03-28 11:07:27,CSV (Dados Históricos)
DeMarre Carroll,,,Disponível,Nenhuma,2026-03-28 11:07:27,CSV (Dados Históricos)
Dean Wade,,,Indisponível,Mar 30,2026-03-28 11:07:27,CSV (Dados Históricos)
Deandre Ayton,,,Disponível,Nenhuma,2026-03-28 11:07:27,CSV (Dados Históricos)
Dejounte Murray,,,Indisponível,Mar 29,2026-03-28 11:07:27,CSV (Dados Históricos)
Delon Wright,,,Disponível,Nenhuma,2026-03-28 11:07:27,CSV (Dados Históricos)
Dennis Schröder,,,Disponível,Nenhuma,2026-03-28 11:07:27,CSV (Dados Históricos)
Dennis Smith Jr.,,,Disponível,Nenhuma,2026-03-28 11:07:27,CSV (Dados Históricos)
Denzel Valentine,,,Disponível,Nenhuma,2026-03-28 11:07:27,CSV (Dados Históricos)
Deonte Burton,,,Disponível,Nenhuma,2026-03-28 11:07:27,CSV (Dados Históricos)
Derrick Favors,,,Disponível,Nenhuma,2026-03-28 11:07:27,CSV (Dados Históricos)
Derrick Jones Jr.,,,Disponível,Nenhuma,2026-03-28 11:07:27,CSV (Dados Históricos)
Derrick Rose,,,Disponível,Nenhuma,2026-03-28 11:07:27,CSV (Dados Históricos)
Derrick Walton Jr.,,,Disponível,Nenhuma,2026-03-28 11:07:27,CSV (Dados Históricos)
Derrick White,,,Disponível,Nenhuma,2026-03-28 11:07:27,CSV (Dados Históricos)
Devin Booker,,,Disponível,Nenhuma,2026-03-28 11:07:27,CSV (Dados Históricos)
Devon Hall,,,Disponível,Nenhuma,2026-03-28 11:07:27,CSV (Dados Históricos)
Devontae Cacok,,,Disponível,Nenhuma,2026-03-28 11:07:27,CSV (Dados Históricos)
Devonte' Graham,,,Disponível,Nenhuma,2026-03-28 11:07:27,CSV (Dados Históricos)
Dewan Hernandez,,,Disponível,Nenhuma,2026-03-28 11:07:27,CSV (Dados Históricos)
Dewayne Dedmon,,,Disponível,Nenhuma,2026-03-28 11:07:27,CSV (Dados Históricos)
Dillon Brooks,,,Indisponível,Mar 30,2026-03-28 11:07:27,CSV (Dados Históricos)
Dion Waiters,,,Disponível,Nenhuma,2026-03-28 11:07:27,CSV (Dados Históricos)
Domantas Sabonis,,,Indisponível,Oct 1,2026-03-28 11:07:27,CSV (Dados Históricos)
Donovan Mitchell,,,Disponível,Nenhuma,2026-03-28 11:07:27,CSV (Dados Históricos)
Donta Hall,,,Disponível,Nenhuma,2026-03-28 11:07:27,CSV (Dados Históricos)
Donte DiVincenzo,,,Disponível,Nenhuma,2026-03-28 11:07:27,CSV (Dados Históricos)
Dorian Finney-Smith,,,Disponível,Nenhuma,2026-03-28 11:07:27,CSV (Dados Históricos)
Doug McDermott,,,Disponível,Nenhuma,2026-03-28 11:07:27,CSV (Dados Históricos)
Dragan Bender,,,Disponível,Nenhuma,2026-03-28 11:07:27,CSV (Dados Históricos)
Draymond Green,,,Disponível,Nenhuma,2026-03-28 11:07:27,CSV (Dados Históricos)
Drew Eubanks,,,Indisponível,Oct 1,2026-03-28 11:07:27,CSV (Dados Históricos)
Duncan Robinson,,,Indisponível,Mar 28,2026-03-28 11:07:27,CSV (Dados Históricos)
Dusty Hannahs,,,Disponível,Nenhuma,2026-03-28 11:07:27,CSV (Dados Históricos)
Dwayne Bacon,,,Disponível,Nenhuma,2026-03-28 11:07:27,CSV (Dados Históricos)
Dwight Howard,,,Disponível,Nenhuma,2026-03-28 11:07:27,CSV (Dados Históricos)
Dwight Powell,,,Disponível,Nenhuma,2026-03-28 11:07:27,CSV (Dados Históricos)
Dzanan Musa,,,Disponível,Nenhuma,2026-03-28 11:07:27,CSV (Dados Históricos)
E'Twaun Moore,,,Disponível,Nenhuma,2026-03-28 11:07:27,CSV (Dados Históricos)
Ed Davis,,,Disponível,Nenhuma,2026-03-28 11:07:27,CSV (Dados Históricos)
Edmond Sumner,,,Disponível,Nenhuma,2026-03-28 11:07:27,CSV (Dados Históricos)
Elfrid Payton,,,Disponível,Nenhuma,2026-03-28 11:07:27,CSV (Dados Históricos)
Elie Okobo,,,Disponível,Nenhuma,2026-03-28 11:07:27,CSV (Dados Históricos)
Emmanuel Mudiay,,,Disponível,Nenhuma,2026-03-28 11:07:27,CSV (Dados Históricos)
Enes Freedom,,,Disponível,Nenhuma,2026-03-28 11:07:27,CSV (Dados Históricos)
Eric Bledsoe,,,Disponível,Nenhuma,2026-03-28 11:07:27,CSV (Dados Históricos)
Eric Gordon,,,Disponível,Nenhuma,2026-03-28 11:07:27,CSV (Dados Históricos)
Eric Mika,,,Disponível,Nenhuma,2026-03-28 11:07:27,CSV (Dados Históricos)
Eric Paschall,,,Disponível,Nenhuma,2026-03-28 11:07:27,CSV (Dados Históricos)
Ersan Ilyasova,,,Disponível,Nenhuma,2026-03-28 11:07:27,CSV (Dados Históricos)
Evan Fournier,,,Disponível,Nenhuma,2026-03-28 11:07:27,CSV (Dados Históricos)
Evan Turner,,,Disponível,Nenhuma,2026-03-28 11:07:27,CSV (Dados Históricos)
Frank Jackson,,,Disponível,Nenhuma,2026-03-28 11:07:27,CSV (Dados Históricos)
Frank Kaminsky,,,Disponível,Nenhuma,2026-03-28 11:07:27,CSV (Dados Históricos)
Frank Mason III,,,Disponível,Nenhuma,2026-03-28 11:07:27,CSV (Dados Históricos)
Frank Ntilikina,,,Disponível,Nenhuma,2026-03-28 11:07:27,CSV (Dados Históricos)
Fred VanVleet,,,Indisponível,Jun 1,2026-03-28 11:07:27,CSV (Dados Históricos)
Furkan Korkmaz,,,Disponível,Nenhuma,2026-03-28 11:07:27,CSV (Dados Históricos)
Gabe Vincent,,,Disponível,Nenhuma,2026-03-28 11:07:27,CSV (Dados Históricos)
Garrett Temple,,,Disponível,Nenhuma,2026-03-28 11:07:27,CSV (Dados Históricos)
Garrison Mathews,,,Disponível,Nenhuma,2026-03-28 11:07:27,CSV (Dados Históricos)
Gary Clark,,,Disponível,Nenhuma,2026-03-28 11:07:27,CSV (Dados Históricos)
Gary Harris,,,Indisponível,Mar 28,2026-03-28 11:07:27,CSV (Dados Históricos)
Gary Payton II,,,Disponível,Nenhuma,2026-03-28 11:07:27,CSV (Dados Históricos)
Gary Trent Jr.,,,Disponível,Nenhuma,2026-03-28 11:07:27,CSV (Dados Históricos)
George Hill,,,Disponível,Nenhuma,2026-03-28 11:07:27,CSV (Dados Históricos)
Georges Niang,,,Disponível,Nenhuma,2026-03-28 11:07:27,CSV (Dados Históricos)
Giannis Antetokounmpo,,,Indisponível,Mar 29,2026-03-28 11:07:27,CSV (Dados Históricos)
Glenn Robinson III,,,Disponível,Nenhuma,2026-03-28 11:07:27,CSV (Dados Históricos)
Goga Bitadze,,,Disponível,Nenhuma,2026-03-28 11:07:27,CSV (Dados Históricos)
Goran Dragic,,,Disponível,Nenhuma,2026-03-28 11:07:27,CSV (Dados Históricos)
Gordon Hayward,,,Disponível,Nenhuma,2026-03-28 11:07:27,CSV (Dados Históricos)
Gorgui Dieng,,,Disponível,Nenhuma,2026-03-28 11:07:27,CSV (Dados Históricos)
Grant Williams,,,Disponível,Nenhuma,2026-03-28 11:07:27,CSV (Dados Históricos)
Grayson Allen,,,Disponível,Nenhuma,2026-03-28 11:07:27,CSV (Dados Históricos)
Hamidou Diallo,,,Disponível,Nenhuma,2026-03-28 11:07:27,CSV (Dados Históricos)
Harrison Barnes,,,Disponível,Nenhuma,2026-03-28 11:07:27,CSV (Dados Históricos)
Harry Giles III,,,Disponível,Nenhuma,2026-03-28 11:07:27,CSV (Dados Históricos)
Hassan Whiteside,,,Disponível,Nenhuma,2026-03-28 11:07:27,CSV (Dados Históricos)
Henry Ellenson,,,Disponível,Nenhuma,2026-03-28 11:07:27,CSV (Dados Históricos)
Ian Mahinmi,,,Disponível,Nenhuma,2026-03-28 11:07:27,CSV (Dados Históricos)
Ignas Brazdeikis,,,Disponível,Nenhuma,2026-03-28 11:07:27,CSV (Dados Históricos)
Iman Shumpert,,,Disponível,Nenhuma,2026-03-28 11:07:27,CSV (Dados Históricos)
Isaac Bonga,,,Disponível,Nenhuma,2026-03-28 11:07:27,CSV (Dados Históricos)
Isaiah Hartenstein,,,Disponível,Nenhuma,2026-03-28 11:07:27,CSV (Dados Históricos)
Isaiah Roby,,,Disponível,Nenhuma,2026-03-28 11:07:27,CSV (Dados Históricos)
Isaiah Thomas,,,Disponível,Nenhuma,2026-03-28 11:07:27,CSV (Dados Históricos)
Ish Smith,,,Disponível,Nenhuma,2026-03-28 11:07:27,CSV (Dados Históricos)
Ivica Zubac,,,Indisponível,Oct 1,2026-03-28 11:07:27,CSV (Dados Históricos)
J.J. Barea,,,Disponível,Nenhuma,2026-03-28 11:07:27,CSV (Dados Históricos)
J.P. Macura,,,Disponível,Nenhuma,2026-03-28 11:07:27,CSV (Dados Históricos)
JJ Redick,,,Disponível,Nenhuma,2026-03-28 11:07:27,CSV (Dados Históricos)
JR Smith,,,Disponível,Nenhuma,2026-03-28 11:07:27,CSV (Dados Históricos)
Ja Morant,,,Indisponível,Oct 1,2026-03-28 11:07:27,CSV (Dados Históricos)
JaKarr Sampson,,,Disponível,Nenhuma,2026-03-28 11:07:27,CSV (Dados Históricos)
JaMychal Green,,,Disponível,Nenhuma,2026-03-28 11:07:27,CSV (Dados Históricos)
JaVale McGee,,,Disponível,Nenhuma,2026-03-28 11:07:27,CSV (Dados Históricos)
Jabari Parker,,,Disponível,Nenhuma,2026-03-28 11:07:27,CSV (Dados Históricos)
Jacob Evans,,,Disponível,Nenhuma,2026-03-28 11:07:27,CSV (Dados Históricos)
Jae Crowder,,,Disponível,Nenhuma,2026-03-28 11:07:27,CSV (Dados Históricos)
Jahlil Okafor,,,Disponível,Nenhuma,2026-03-28 11:07:27,CSV (Dados Históricos)
Jake Layman,,,Disponível,Nenhuma,2026-03-28 11:07:27,CSV (Dados Históricos)
Jakob Poeltl,,,Disponível,Nenhuma,2026-03-28 11:07:27,CSV (Dados Históricos)
Jalen Brunson,,,Disponível,Nenhuma,2026-03-28 11:07:27,CSV (Dados Históricos)
Jalen Lecque,,,Disponível,Nenhuma,2026-03-28 11:07:27,CSV (Dados Históricos)
Jalen McDaniels,,,Disponível,Nenhuma,2026-03-28 11:07:27,CSV (Dados Históricos)
Jamal Crawford,,,Disponível,Nenhuma,2026-03-28 11:07:27,CSV (Dados Históricos)
Jamal Murray,,,Disponível,Nenhuma,2026-03-28 11:07:27,CSV (Dados Históricos)
James Ennis III,,,Disponível,Nenhuma,2026-03-28 11:07:27,CSV (Dados Históricos)
James Harden,,,Disponível,Nenhuma,2026-03-28 11:07:27,CSV (Dados Históricos)
James Johnson,,,Disponível,Nenhuma,2026-03-28 11:07:27,CSV (Dados Históricos)
Jared Dudley,,,Disponível,Nenhuma,2026-03-28 11:07:27,CSV (Dados Históricos)
Jared Harper,,,Disponível,Nenhuma,2026-03-28 11:07:27,CSV (Dados Históricos)
Jaren Jackson Jr.,,,Indisponível,Oct 1,2026-03-28 11:07:27,CSV (Dados Históricos)
Jarred Vanderbilt,,,Disponível,Nenhuma,2026-03-28 11:07:27,CSV (Dados Históricos)
Jarrell Brantley,,,Disponível,Nenhuma,2026-03-28 11:07:27,CSV (Dados Históricos)
Jarrett Allen,,,Disponível,Nenhuma,2026-03-28 11:07:27,CSV (Dados Históricos)
Jarrett Culver,,,Disponível,Nenhuma,2026-03-28 11:07:27,CSV (Dados Históricos)
Jarrod Uthoff,,,Disponível,Nenhuma,2026-03-28 11:07:27,CSV (Dados Históricos)
Javonte Green,,,Disponível,Nenhuma,2026-03-28 11:07:27,CSV (Dados Históricos)
Jaxson Hayes,,,Disponível,Nenhuma,2026-03-28 11:07:27,CSV (Dados Históricos)
Jaylen Brown,,,Indisponível,Mar 29,2026-03-28 11:07:27,CSV (Dados Históricos)
Jaylen Hoard,,,Disponível,Nenhuma,2026-03-28 11:07:27,CSV (Dados Históricos)
Jaylen Nowell,,,Disponível,Nenhuma,2026-03-28 11:07:27,CSV (Dados Históricos)
Jayson Tatum,,,Disponível,Nenhuma,2026-03-28 11:07:27,CSV (Dados Históricos)
Jeff Green,,,Disponível,Nenhuma,2026-03-28 11:07:27,CSV (Dados Históricos)
Jeff Teague,,,Disponível,Nenhuma,2026-03-28 11:07:27,CSV (Dados Históricos)
Jerami Grant,,,Indisponível,Mar 29,2026-03-28 11:07:27,CSV (Dados Históricos)
Jeremiah Martin,,,Disponível,Nenhuma,2026-03-28 11:07:27,CSV (Dados Históricos)
Jeremy Lamb,,,Disponível,Nenhuma,2026-03-28 11:07:27,CSV (Dados Históricos)
Jeremy Pargo,,,Disponível,Nenhuma,2026-03-28 11:07:27,CSV (Dados Históricos)
Jerian Grant,,,Disponível,Nenhuma,2026-03-28 11:07:27,CSV (Dados Históricos)
Jerome Robinson,,,Disponível,Nenhuma,2026-03-28 11:07:27,CSV (Dados Históricos)
Jevon Carter,,,Disponível,Nenhuma,2026-03-28 11:07:27,CSV (Dados Históricos)
Jimmy Butler III,,,Indisponível,Dec 1,2026-03-28 11:07:27,CSV (Dados Históricos)
Joakim Noah,,,Disponível,Nenhuma,2026-03-28 11:07:27,CSV (Dados Históricos)
Joe Chealey,,,Disponível,Nenhuma,2026-03-28 11:07:27,CSV (Dados Históricos)
Joe Harris,,,Disponível,Nenhuma,2026-03-28 11:07:27,CSV (Dados Históricos)
Joe Ingles,,,Disponível,Nenhuma,2026-03-28 11:07:27,CSV (Dados Históricos)
Joel Embiid,,,Disponível,Nenhuma,2026-03-28 11:07:27,CSV (Dados Históricos)
John Collins,,,Disponível,Nenhuma,2026-03-28 11:07:27,CSV (Dados Históricos)
John Henson,,,Disponível,Nenhuma,2026-03-28 11:07:27,CSV (Dados Históricos)
John Konchar,,,Disponível,Nenhuma,2026-03-28 11:07:27,CSV (Dados Históricos)
Johnathan Motley,,,Disponível,Nenhuma,2026-03-28 11:07:27,CSV (Dados Históricos)
Johnathan Williams,,,Disponível,Nenhuma,2026-03-28 11:07:27,CSV (Dados Históricos)
Jonah Bolden,,,Disponível,Nenhuma,2026-03-28 11:07:27,CSV (Dados Históricos)
Jonas Valančiūnas,,,Disponível,Nenhuma,2026-03-28 11:07:27,CSV (Dados Históricos)
Jonathan Isaac,,,Indisponível,Mar 29,2026-03-28 11:07:27,CSV (Dados Históricos)
Jordan Bell,,,Disponível,Nenhuma,2026-03-28 11:07:27,CSV (Dados Históricos)
Jordan Bone,,,Disponível,Nenhuma,2026-03-28 11:07:27,CSV (Dados Históricos)
Jordan Clarkson,,,Disponível,Nenhuma,2026-03-28 11:07:27,CSV (Dados Históricos)
Jordan McLaughlin,,,Disponível,Nenhuma,2026-03-28 11:07:27,CSV (Dados Históricos)
Jordan McRae,,,Disponível,Nenhuma,2026-03-28 11:07:27,CSV (Dados Históricos)
Jordan Poole,,,Disponível,Nenhuma,2026-03-28 11:07:27,CSV (Dados Históricos)
Josh Gray,,,Disponível,Nenhuma,2026-03-28 11:07:27,CSV (Dados Históricos)
Josh Hart,,,Disponível,Nenhuma,2026-03-28 11:07:27,CSV (Dados Históricos)
Josh Jackson,,,Disponível,Nenhuma,2026-03-28 11:07:27,CSV (Dados Históricos)
Josh Magette,,,Disponível,Nenhuma,2026-03-28 11:07:27,CSV (Dados Históricos)
Josh Okogie,,,Disponível,Nenhuma,2026-03-28 11:07:27,CSV (Dados Históricos)
Josh Reaves,,,Disponível,Nenhuma,2026-03-28 11:07:27,CSV (Dados Históricos)
Josh Richardson,,,Disponível,Nenhuma,2026-03-28 11:07:27,CSV (Dados Históricos)
Jrue Holiday,,,Disponível,Nenhuma,2026-03-28 11:07:27,CSV (Dados Históricos)
Juan Toscano-Anderson,,,Disponível,Nenhuma,2026-03-28 11:07:27,CSV (Dados Históricos)
Juancho Hernangomez,,,Disponível,Nenhuma,2026-03-28 11:07:27,CSV (Dados Históricos)
Julius Randle,,,Disponível,Nenhuma,2026-03-28 11:07:27,CSV (Dados Históricos)
Justin Anderson,,,Disponível,Nenhuma,2026-03-28 11:07:27,CSV (Dados Históricos)
Justin Holiday,,,Disponível,Nenhuma,2026-03-28 11:07:27,CSV (Dados Históricos)
Justin Jackson,,,Disponível,Nenhuma,2026-03-28 11:07:27,CSV (Dados Históricos)
Justin James,,,Disponível,Nenhuma,2026-03-28 11:07:27,CSV (Dados Históricos)
Justin Patton,,,Disponível,Nenhuma,2026-03-28 11:07:27,CSV (Dados Históricos)
Justin Robinson,,,Disponível,Nenhuma,2026-03-28 11:07:27,CSV (Dados Históricos)
Justin Wright-Foreman,,,Disponível,Nenhuma,2026-03-28 11:07:27,CSV (Dados Históricos)
Justise Winslow,,,Disponível,Nenhuma,2026-03-28 11:07:27,CSV (Dados Históricos)
Jusuf Nurkić,,,Disponível,Nenhuma,2026-03-28 11:07:27,CSV (Dados Históricos)
Juwan Morgan,,,Disponível,Nenhuma,2026-03-28 11:07:27,CSV (Dados Históricos)
KZ Okpala,,,Disponível,Nenhuma,2026-03-28 11:07:27,CSV (Dados Históricos)
Kadeem Allen,,,Disponível,Nenhuma,2026-03-28 11:07:27,CSV (Dados Históricos)
Karl-Anthony Towns,,,Disponível,Nenhuma,2026-03-28 11:07:27,CSV (Dados Históricos)
Kawhi Leonard,,,Disponível,Nenhuma,2026-03-28 11:07:27,CSV (Dados Históricos)
Keita Bates-Diop,,,Disponível,Nenhuma,2026-03-28 11:07:27,CSV (Dados Históricos)
Kelan Martin,,,Disponível,Nenhuma,2026-03-28 11:07:27,CSV (Dados Históricos)
Keldon Johnson,,,Disponível,Nenhuma,2026-03-28 11:07:27,CSV (Dados Históricos)
Kelly Olynyk,,,Disponível,Nenhuma,2026-03-28 11:07:27,CSV (Dados Históricos)
Kelly Oubre Jr.,,,Indisponível,Mar 28,2026-03-28 11:07:27,CSV (Dados Históricos)
Kemba Walker,,,Disponível,Nenhuma,2026-03-28 11:07:27,CSV (Dados Históricos)
Kendrick Nunn,,,Disponível,Nenhuma,2026-03-28 11:07:27,CSV (Dados Históricos)
Kenrich Williams,,,Disponível,Nenhuma,2026-03-28 11:07:27,CSV (Dados Históricos)
Kent Bazemore,,,Disponível,Nenhuma,2026-03-28 11:07:27,CSV (Dados Históricos)
Kentavious Caldwell-Pope,,,Indisponível,Oct 1,2026-03-28 11:07:27,CSV (Dados Históricos)
Kevin Hervey,,,Disponível,Nenhuma,2026-03-28 11:07:27,CSV (Dados Históricos)
Kevin Huerter,,,Disponível,Nenhuma,2026-03-28 11:07:27,CSV (Dados Históricos)
Kevin Knox II,,,Disponível,Nenhuma,2026-03-28 11:07:27,CSV (Dados Históricos)
Kevin Love,,,Disponível,Nenhuma,2026-03-28 11:07:27,CSV (Dados Históricos)
Kevin Porter Jr.,,,Indisponível,Mar 29,2026-03-28 11:07:27,CSV (Dados Históricos)
Kevon Looney,,,Disponível,Nenhuma,2026-03-28 11:07:27,CSV (Dados Históricos)
Khem Birch,,,Disponível,Nenhuma,2026-03-28 11:07:27,CSV (Dados Históricos)
Khris Middleton,,,Indisponível,Mar 30,2026-03-28 11:07:27,CSV (Dados Históricos)
Khyri Thomas,,,Disponível,Nenhuma,2026-03-28 11:07:27,CSV (Dados Históricos)
Kostas Antetokounmpo,,,Disponível,Nenhuma,2026-03-28 11:07:27,CSV (Dados Históricos)
Kris Dunn,,,Disponível,Nenhuma,2026-03-28 11:07:27,CSV (Dados Históricos)
Kristaps Porziņģis,,,Disponível,Nenhuma,2026-03-28 11:07:27,CSV (Dados Históricos)
Ky Bowman,,,Disponível,Nenhuma,2026-03-28 11:07:27,CSV (Dados Históricos)
Kyle Alexander,,,Disponível,Nenhuma,2026-03-28 11:07:27,CSV (Dados Históricos)
Kyle Anderson,,,Disponível,Nenhuma,2026-03-28 11:07:27,CSV (Dados Históricos)
Kyle Guy,,,Disponível,Nenhuma,2026-03-28 11:07:27,CSV (Dados Históricos)
Kyle Korver,,,Disponível,Nenhuma,2026-03-28 11:07:27,CSV (Dados Históricos)
Kyle Kuzma,,,Indisponível,Mar 28,2026-03-28 11:07:27,CSV (Dados Históricos)
Kyle Lowry,,,Disponível,Nenhuma,2026-03-28 11:07:27,CSV (Dados Históricos)
Kyle O'Quinn,,,Disponível,Nenhuma,2026-03-28 11:07:27,CSV (Dados Históricos)
Kyrie Irving,,,Indisponível,Oct 1,2026-03-28 11:07:27,CSV (Dados Históricos)
LaMarcus Aldridge,,,Disponível,Nenhuma,2026-03-28 11:07:27,CSV (Dados Históricos)
Lance Thomas,,,Disponível,Nenhuma,2026-03-28 11:07:27,CSV (Dados Históricos)
Landry Shamet,,,Indisponível,Mar 29,2026-03-28 11:07:27,CSV (Dados Históricos)
Langston Galloway,,,Disponível,Nenhuma,2026-03-28 11:07:27,CSV (Dados Históricos)
Larry Nance Jr.,,,Disponível,Nenhuma,2026-03-28 11:07:27,CSV (Dados Históricos)
Lauri Markkanen,,,Indisponível,Apr 10,2026-03-28 11:07:27,CSV (Dados Históricos)
LeBron James,,,Disponível,Nenhuma,2026-03-28 11:07:27,CSV (Dados Históricos)
Lonnie Walker IV,,,Disponível,Nenhuma,2026-03-28 11:07:27,CSV (Dados Históricos)
Lonzo Ball,,,Disponível,Nenhuma,2026-03-28 11:07:27,CSV (Dados Históricos)
Lou Williams,,,Disponível,Nenhuma,2026-03-28 11:07:27,CSV (Dados Históricos)
Louis King,,,Disponível,Nenhuma,2026-03-28 11:07:27,CSV (Dados Históricos)
Luc Mbah a Moute,,,Disponível,Nenhuma,2026-03-28 11:07:27,CSV (Dados Históricos)
Luguentz Dort,,,Disponível,Nenhuma,2026-03-28 11:07:27,CSV (Dados Históricos)
Luka Dončić,,,Disponível,Nenhuma,2026-03-28 11:07:27,CSV (Dados Históricos)
Luka Samanic,,,Disponível,Nenhuma,2026-03-28 11:07:27,CSV (Dados Históricos)
Luke Kennard,,,Disponível,Nenhuma,2026-03-28 11:07:27,CSV (Dados Históricos)
Luke Kornet,,,Disponível,Nenhuma,2026-03-28 11:07:27,CSV (Dados Históricos)
Malcolm Brogdon,,,Disponível,Nenhuma,2026-03-28 11:07:27,CSV (Dados Históricos)
Malcolm Miller,,,Disponível,Nenhuma,2026-03-28 11:07:27,CSV (Dados Históricos)
Malik Beasley,,,Disponível,Nenhuma,2026-03-28 11:07:27,CSV (Dados Históricos)
Malik Monk,,,Disponível,Nenhuma,2026-03-28 11:07:27,CSV (Dados Históricos)
Malik Newman,,,Disponível,Nenhuma,2026-03-28 11:07:27,CSV (Dados Históricos)
Marc Gasol,,,Disponível,Nenhuma,2026-03-28 11:07:27,CSV (Dados Históricos)
Marco Belinelli,,,Disponível,Nenhuma,2026-03-28 11:07:27,CSV (Dados Históricos)
Marcus Morris Sr.,,,Disponível,Nenhuma,2026-03-28 11:07:27,CSV (Dados Históricos)
Marcus Smart,,,Indisponível,Mar 30,2026-03-28 11:07:27,CSV (Dados Históricos)
Marial Shayok,,,Disponível,Nenhuma,2026-03-28 11:07:27,CSV (Dados Históricos)
Mario Hezonja,,,Disponível,Nenhuma,2026-03-28 11:07:27,CSV (Dados Históricos)
Markelle Fultz,,,Disponível,Nenhuma,2026-03-28 11:07:27,CSV (Dados Históricos)
Markieff Morris,,,Disponível,Nenhuma,2026-03-28 11:07:27,CSV (Dados Históricos)
Marko Guduric,,,Disponível,Nenhuma,2026-03-28 11:07:27,CSV (Dados Históricos)
Marques Bolden,,,Disponível,Nenhuma,2026-03-28 11:07:27,CSV (Dados Históricos)
Marquese Chriss,,,Disponível,Nenhuma,2026-03-28 11:07:27,CSV (Dados Históricos)
Marvin Bagley III,,,Disponível,Nenhuma,2026-03-28 11:07:27,CSV (Dados Históricos)
Marvin Williams,,,Disponível,Nenhuma,2026-03-28 11:07:27,CSV (Dados Históricos)
Mason Plumlee,,,Disponível,Nenhuma,2026-03-28 11:07:27,CSV (Dados Históricos)
Matisse Thybulle,,,Disponível,Nenhuma,2026-03-28 11:07:27,CSV (Dados Históricos)
Matt Mooney,,,Disponível,Nenhuma,2026-03-28 11:07:27,CSV (Dados Históricos)
Matt Thomas,,,Disponível,Nenhuma,2026-03-28 11:07:27,CSV (Dados Históricos)
Matthew Dellavedova,,,Disponível,Nenhuma,2026-03-28 11:07:27,CSV (Dados Históricos)
Maurice Harkless,,,Disponível,Nenhuma,2026-03-28 11:07:27,CSV (Dados Históricos)
Max Strus,,,Disponível,Nenhuma,2026-03-28 11:07:27,CSV (Dados Históricos)
Maxi Kleber,,,Disponível,Nenhuma,2026-03-28 11:07:27,CSV (Dados Históricos)
Melvin Frazier Jr.,,,Disponível,Nenhuma,2026-03-28 11:07:27,CSV (Dados Históricos)
Meyers Leonard,,,Disponível,Nenhuma,2026-03-28 11:07:27,CSV (Dados Históricos)
Mfiondu Kabengele,,,Disponível,Nenhuma,2026-03-28 11:07:27,CSV (Dados Históricos)
Michael Carter-Williams,,,Disponível,Nenhuma,2026-03-28 11:07:27,CSV (Dados Históricos)
Michael Frazier II,,,Disponível,Nenhuma,2026-03-28 11:07:27,CSV (Dados Históricos)
Michael Kidd-Gilchrist,,,Disponível,Nenhuma,2026-03-28 11:07:27,CSV (Dados Históricos)
Michael Porter Jr.,,,Indisponível,Apr 9,2026-03-28 11:07:27,CSV (Dados Históricos)
Mikal Bridges,,,Disponível,Nenhuma,2026-03-28 11:07:27,CSV (Dados Históricos)
Mike Conley,,,Disponível,Nenhuma,2026-03-28 11:07:27,CSV (Dados Históricos)
Mike Muscala,,,Disponível,Nenhuma,2026-03-28 11:07:27,CSV (Dados Históricos)
Mike Scott,,,Disponível,Nenhuma,2026-03-28 11:07:27,CSV (Dados Históricos)
Miles Bridges,,,Disponível,Nenhuma,2026-03-28 11:07:27,CSV (Dados Históricos)
Mitchell Robinson,,,Disponível,Nenhuma,2026-03-28 11:07:27,CSV (Dados Históricos)
Miye Oni,,,Disponível,Nenhuma,2026-03-28 11:07:27,CSV (Dados Históricos)
Mo Bamba,,,Disponível,Nenhuma,2026-03-28 11:07:27,CSV (Dados Históricos)
Monte Morris,,,Disponível,Nenhuma,2026-03-28 11:07:27,CSV (Dados Históricos)
Montrezl Harrell,,,Disponível,Nenhuma,2026-03-28 11:07:27,CSV (Dados Históricos)
Moritz Wagner,,,Disponível,Nenhuma,2026-03-28 11:07:27,CSV (Dados Históricos)
Moses Brown,,,Disponível,Nenhuma,2026-03-28 11:07:27,CSV (Dados Históricos)
Mychal Mulder,,,Disponível,Nenhuma,2026-03-28 11:07:27,CSV (Dados Históricos)
Myles Turner,,,Indisponível,Mar 28,2026-03-28 11:07:27,CSV (Dados Históricos)
Nassir Little,,,Disponível,Nenhuma,2026-03-28 11:07:27,CSV (Dados Históricos)
Naz Mitrou-Long,,,Disponível,Nenhuma,2026-03-28 11:07:27,CSV (Dados Históricos)
Naz Reid,,,Disponível,Nenhuma,2026-03-28 11:07:27,CSV (Dados Históricos)
Nemanja Bjelica,,,Disponível,Nenhuma,2026-03-28 11:07:27,CSV (Dados Históricos)
Nerlens Noel,,,Disponível,Nenhuma,2026-03-28 11:07:27,CSV (Dados Históricos)
Nic Claxton,,,Disponível,Nenhuma,2026-03-28 11:07:27,CSV (Dados Históricos)
Nickeil Alexander-Walker,,,Disponível,Nenhuma,2026-03-28 11:07:27,CSV (Dados Históricos)
Nicolas Batum,,,Disponível,Nenhuma,2026-03-28 11:07:27,CSV (Dados Históricos)
Nicolo Melli,,,Disponível,Nenhuma,2026-03-28 11:07:27,CSV (Dados Históricos)
Nigel Williams-Goss,,,Disponível,Nenhuma,2026-03-28 11:07:27,CSV (Dados Históricos)
Nikola Jokić,,,Disponível,Nenhuma,2026-03-28 11:07:27,CSV (Dados Históricos)
Nikola Vučević,,,Disponível,Nenhuma,2026-03-28 11:07:27,CSV (Dados Históricos)
Noah Vonleh,,,Disponível,Nenhuma,2026-03-28 11:07:27,CSV (Dados Históricos)
Norman Powell,,,Disponível,Nenhuma,2026-03-28 11:07:27,CSV (Dados Históricos)
Norvel Pelle,,,Disponível,Nenhuma,2026-03-28 11:07:27,CSV (Dados Históricos)
OG Anunoby,,,Disponível,Nenhuma,2026-03-28 11:07:27,CSV (Dados Históricos)
Omari Spellman,,,Disponível,Nenhuma,2026-03-28 11:07:27,CSV (Dados Históricos)
Oshae Brissett,,,Disponível,Nenhuma,2026-03-28 11:07:27,CSV (Dados Históricos)
Otto Porter Jr.,,,Disponível,Nenhuma,2026-03-28 11:07:27,CSV (Dados Históricos)
P.J. Tucker,,,Disponível,Nenhuma,2026-03-28 11:07:27,CSV (Dados Históricos)
P.J. Washington,,,Disponível,Nenhuma,2026-03-28 11:07:27,CSV (Dados Históricos)
PJ Dozier,,,Disponível,Nenhuma,2026-03-28 11:07:27,CSV (Dados Históricos)
Pascal Siakam,,,Disponível,Nenhuma,2026-03-28 11:07:27,CSV (Dados Históricos)
Pat Connaughton,,,Disponível,Nenhuma,2026-03-28 11:07:27,CSV (Dados Históricos)
Patrick Beverley,,,Disponível,Nenhuma,2026-03-28 11:07:27,CSV (Dados Históricos)
Patrick McCaw,,,Disponível,Nenhuma,2026-03-28 11:07:27,CSV (Dados Históricos)
Patrick Patterson,,,Disponível,Nenhuma,2026-03-28 11:07:27,CSV (Dados Históricos)
Patty Mills,,,Disponível,Nenhuma,2026-03-28 11:07:27,CSV (Dados Históricos)
Paul George,,,Disponível,Nenhuma,2026-03-28 11:07:27,CSV (Dados Históricos)
Paul Millsap,,,Disponível,Nenhuma,2026-03-28 11:07:27,CSV (Dados Históricos)
Paul Watson,,,Disponível,Nenhuma,2026-03-28 11:07:27,CSV (Dados Históricos)
Quinn Cook,,,Disponível,Nenhuma,2026-03-28 11:07:27,CSV (Dados Históricos)
Quinndary Weatherspoon,,,Disponível,Nenhuma,2026-03-28 11:07:27,CSV (Dados Históricos)
RJ Barrett,,,Disponível,Nenhuma,2026-03-28 11:07:27,CSV (Dados Históricos)
Rajon Rondo,,,Disponível,Nenhuma,2026-03-28 11:07:27,CSV (Dados Históricos)
Raul Neto,,,Disponível,Nenhuma,2026-03-28 11:07:27,CSV (Dados Históricos)
Rayjon Tucker,,,Disponível,Nenhuma,2026-03-28 11:07:27,CSV (Dados Históricos)
Reggie Bullock Jr.,,,Disponível,Nenhuma,2026-03-28 11:07:27,CSV (Dados Históricos)
Reggie Jackson,,,Disponível,Nenhuma,2026-03-28 11:07:27,CSV (Dados Históricos)
Richaun Holmes,,,Disponível,Nenhuma,2026-03-28 11:07:27,CSV (Dados Históricos)
Ricky Rubio,,,Disponível,Nenhuma,2026-03-28 11:07:27,CSV (Dados Históricos)
Robert Covington,,,Disponível,Nenhuma,2026-03-28 11:07:27,CSV (Dados Históricos)
Robert Williams III,,,Disponível,Nenhuma,2026-03-28 11:07:27,CSV (Dados Históricos)
Robin Lopez,,,Disponível,Nenhuma,2026-03-28 11:07:27,CSV (Dados Históricos)
Rodions Kurucs,,,Disponível,Nenhuma,2026-03-28 11:07:27,CSV (Dados Históricos)
Rodney Hood,,,Disponível,Nenhuma,2026-03-28 11:07:27,CSV (Dados Históricos)
Rodney McGruder,,,Disponível,Nenhuma,2026-03-28 11:07:27,CSV (Dados Históricos)
Romeo Langford,,,Disponível,Nenhuma,2026-03-28 11:07:27,CSV (Dados Históricos)
Rondae Hollis-Jefferson,,,Disponível,Nenhuma,2026-03-28 11:07:27,CSV (Dados Históricos)
Royce O'Neale,,,Disponível,Nenhuma,2026-03-28 11:07:27,CSV (Dados Históricos)
Rudy Gay,,,Disponível,Nenhuma,2026-03-28 11:07:27,CSV (Dados Históricos)
Rudy Gobert,,,Disponível,Nenhuma,2026-03-28 11:07:27,CSV (Dados Históricos)
Rui Hachimura,,,Disponível,Nenhuma,2026-03-28 11:07:27,CSV (Dados Históricos)
Russell Westbrook,,,Indisponível,Apr 1,2026-03-28 11:07:27,CSV (Dados Históricos)
Ryan Anderson,,,Disponível,Nenhuma,2026-03-28 11:07:27,CSV (Dados Históricos)
Ryan Arcidiacono,,,Disponível,Nenhuma,2026-03-28 11:07:27,CSV (Dados Históricos)
Ryan Broekhoff,,,Disponível,Nenhuma,2026-03-28 11:07:27,CSV (Dados Históricos)
Sekou Doumbouya,,,Disponível,Nenhuma,2026-03-28 11:07:27,CSV (Dados Históricos)
Semi Ojeleye,,,Disponível,Nenhuma,2026-03-28 11:07:27,CSV (Dados Históricos)
Serge Ibaka,,,Disponível,Nenhuma,2026-03-28 11:07:27,CSV (Dados Históricos)
Seth Curry,,,Indisponível,Mar 29,2026-03-28 11:07:27,CSV (Dados Históricos)
Shabazz Napier,,,Disponível,Nenhuma,2026-03-28 11:07:27,CSV (Dados Históricos)
Shai Gilgeous-Alexander,,,Disponível,Nenhuma,2026-03-28 11:07:27,CSV (Dados Históricos)
Shake Milton,,,Disponível,Nenhuma,2026-03-28 11:07:27,CSV (Dados Históricos)
Shamorie Ponds,,,Disponível,Nenhuma,2026-03-28 11:07:27,CSV (Dados Históricos)
Shaquille Harrison,,,Disponível,Nenhuma,2026-03-28 11:07:27,CSV (Dados Históricos)
Sindarius Thornwell,,,Disponível,Nenhuma,2026-03-28 11:07:27,CSV (Dados Históricos)
Skal Labissiere,,,Disponível,Nenhuma,2026-03-28 11:07:27,CSV (Dados Históricos)
Solomon Hill,,,Disponível,Nenhuma,2026-03-28 11:07:27,CSV (Dados Históricos)
Spencer Dinwiddie,,,Disponível,Nenhuma,2026-03-28 11:07:27,CSV (Dados Históricos)
Stanley Johnson,,,Disponível,Nenhuma,2026-03-28 11:07:27,CSV (Dados Históricos)
Stanton Kidd,,,Disponível,Nenhuma,2026-03-28 11:07:27,CSV (Dados Históricos)
Stephen Curry,,,Indisponível,Lesão no pé (Questionável),2026-03-28 11:07:27,CSV (Dados Históricos)
Sterling Brown,,,Disponível,Nenhuma,2026-03-28 11:07:27,CSV (Dados Históricos)
Steven Adams,,,Indisponível,Oct 1,2026-03-28 11:07:27,CSV (Dados Históricos)
Svi Mykhailiuk,,,Disponível,Nenhuma,2026-03-28 11:07:27,CSV (Dados Históricos)
T.J. Leaf,,,Disponível,Nenhuma,2026-03-28 11:07:27,CSV (Dados Históricos)
T.J. McConnell,,,Disponível,Nenhuma,2026-03-28 11:07:27,CSV (Dados Históricos)
T.J. Warren,,,Disponível,Nenhuma,2026-03-28 11:07:27,CSV (Dados Históricos)
Tacko Fall,,,Disponível,Nenhuma,2026-03-28 11:07:27,CSV (Dados Históricos)
Taj Gibson,,,Disponível,Nenhuma,2026-03-28 11:07:27,CSV (Dados Históricos)
Talen Horton-Tucker,,,Disponível,Nenhuma,2026-03-28 11:07:27,CSV (Dados Históricos)
Tariq Owens,,,Disponível,Nenhuma,2026-03-28 11:07:27,CSV (Dados Históricos)
Taurean Prince,,,Disponível,Nenhuma,2026-03-28 11:07:27,CSV (Dados Históricos)
Terance Mann,,,Disponível,Nenhuma,2026-03-28 11:07:27,CSV (Dados Históricos)
Terence Davis,,,Disponível,Nenhuma,2026-03-28 11:07:27,CSV (Dados Históricos)
Terrance Ferguson,,,Disponível,Nenhuma,2026-03-28 11:07:27,CSV (Dados Históricos)
Terrence Ross,,,Disponível,Nenhuma,2026-03-28 11:07:27,CSV (Dados Históricos)
Terry Rozier,,,Indisponível,Apr 1,2026-03-28 11:07:27,CSV (Dados Históricos)
Thabo Sefolosha,,,Disponível,Nenhuma,2026-03-28 11:07:27,CSV (Dados Históricos)
Thaddeus Young,,,Disponível,Nenhuma,2026-03-28 11:07:27,CSV (Dados Históricos)
Thanasis Antetokounmpo,,,Disponível,Nenhuma,2026-03-28 11:07:27,CSV (Dados Históricos)
Theo Pinson,,,Disponível,Nenhuma,2026-03-28 11:07:27,CSV (Dados Históricos)
Thomas Bryant,,,Disponível,Nenhuma,2026-03-28 11:07:27,CSV (Dados Históricos)
Thon Maker,,,Disponível,Nenhuma,2026-03-28 11:07:27,CSV (Dados Históricos)
Tim Frazier,,,Disponível,Nenhuma,2026-03-28 11:07:27,CSV (Dados Históricos)
Tim Hardaway Jr.,,,Disponível,Nenhuma,2026-03-28 11:07:27,CSV (Dados Históricos)
Timothe Luwawu-Cabarrot,,,Disponível,Nenhuma,2026-03-28 11:07:27,CSV (Dados Históricos)
Tobias Harris,,,Indisponível,Mar 28,2026-03-28 11:07:27,CSV (Dados Históricos)
Tomas Satoransky,,,Disponível,Nenhuma,2026-03-28 11:07:27,CSV (Dados Históricos)
Tony Bradley,,,Disponível,Nenhuma,2026-03-28 11:07:27,CSV (Dados Históricos)
Tony Snell,,,Disponível,Nenhuma,2026-03-28 11:07:27,CSV (Dados Históricos)
Torrey Craig,,,Disponível,Nenhuma,2026-03-28 11:07:27,CSV (Dados Históricos)
Trae Young,,,Indisponível,Mar 29,2026-03-28 11:07:27,CSV (Dados Históricos)
Tremont Waters,,,Disponível,Nenhuma,2026-03-28 11:07:27,CSV (Dados Históricos)
Treveon Graham,,,Disponível,Nenhuma,2026-03-28 11:07:27,CSV (Dados Históricos)
Trevor Ariza,,,Disponível,Nenhuma,2026-03-28 11:07:27,CSV (Dados Históricos)
Trey Burke,,,Disponível,Nenhuma,2026-03-28 11:07:27,CSV (Dados Históricos)
Trey Lyles,,,Disponível,Nenhuma,2026-03-28 11:07:27,CSV (Dados Históricos)
Tristan Thompson,,,Disponível,Nenhuma,2026-03-28 11:07:27,CSV (Dados Históricos)
Troy Brown Jr.,,,Disponível,Nenhuma,2026-03-28 11:07:27,CSV (Dados Históricos)
Troy Daniels,,,Disponível,Nenhuma,2026-03-28 11:07:27,CSV (Dados Históricos)
Ty Jerome,,,Indisponível,Mar 28,2026-03-28 11:07:27,CSV (Dados Históricos)
Tyler Cook,,,Disponível,Nenhuma,2026-03-28 11:07:27,CSV (Dados Históricos)
Tyler Herro,,,Disponível,Nenhuma,2026-03-28 11:07:27,CSV (Dados Históricos)
Tyler Johnson,,,Disponível,Nenhuma,2026-03-28 11:07:27,CSV (Dados Históricos)
Tyler Zeller,,,Disponível,Nenhuma,2026-03-28 11:07:27,CSV (Dados Históricos)
Tyrone Wallace,,,Disponível,Nenhuma,2026-03-28 11:07:27,CSV (Dados Históricos)
Tyson Chandler,,,Disponível,Nenhuma,2026-03-28 11:07:27,CSV (Dados Históricos)
Tyus Jones,,,Disponível,Nenhuma,2026-03-28 11:07:27,CSV (Dados Históricos)
Udonis Haslem,,,Disponível,Nenhuma,2026-03-28 11:07:27,CSV (Dados Históricos)
Vic Law,,,Disponível,Nenhuma,2026-03-28 11:07:27,CSV (Dados Históricos)
Victor Oladipo,,,Disponível,Nenhuma,2026-03-28 11:07:27,CSV (Dados Históricos)
Vince Carter,,,Disponível,Nenhuma,2026-03-28 11:07:27,CSV (Dados Históricos)
Vincent Poirier,,,Disponível,Nenhuma,2026-03-28 11:07:27,CSV (Dados Históricos)
Vlatko Čančar,,,Disponível,Nenhuma,2026-03-28 11:07:27,CSV (Dados Históricos)
Wayne Ellington,,,Disponível,Nenhuma,2026-03-28 11:07:27,CSV (Dados Históricos)
Wendell Carter Jr.,,,Disponível,Nenhuma,2026-03-28 11:07:27,CSV (Dados Históricos)
Wenyen Gabriel,,,Disponível,Nenhuma,2026-03-28 11:07:27,CSV (Dados Históricos)
Wes Iwundu,,,Disponível,Nenhuma,2026-03-28 11:07:27,CSV (Dados Históricos)
Wesley Matthews,,,Disponível,Nenhuma,2026-03-28 11:07:27,CSV (Dados Históricos)
Will Barton,,,Disponível,Nenhuma,2026-03-28 11:07:27,CSV (Dados Históricos)
William Howard,,,Disponível,Nenhuma,2026-03-28 11:07:27,CSV (Dados Históricos)
Willie Cauley-Stein,,,Disponível,Nenhuma,2026-03-28 11:07:27,CSV (Dados Históricos)
Willy Hernangomez,,,Disponível,Nenhuma,2026-03-28 11:07:27,CSV (Dados Históricos)
Wilson Chandler,,,Disponível,Nenhuma,2026-03-28 11:07:27,CSV (Dados Históricos)
Yogi Ferrell,,,Disponível,Nenhuma,2026-03-28 11:07:27,CSV (Dados Históricos)
Yuta Watanabe,,,Disponível,Nenhuma,2026-03-28 11:07:27,CSV (Dados Históricos)
Zach Collins,,,Indisponível,Oct 1,2026-03-28 11:07:27,CSV (Dados Históricos)
Zach LaVine,,,Indisponível,Oct 1,2026-03-28 11:07:27,CSV (Dados Históricos)
Zach Norvell Jr.,,,Disponível,Nenhuma,2026-03-28 11:07:27,CSV (Dados Históricos)
Zhaire Smith,,,Disponível,Nenhuma,2026-03-28 11:07:27,CSV (Dados Históricos)
Zion Williamson,,,Disponível,Nenhuma,2026-03-28 11:07:27,CSV (Dados Históricos)
Zylan Cheatham,,,Disponível,Nenhuma,2026-03-28 11:07:27,CSV (Dados Históricos)
Aaron Nesmith,,,Disponível,Nenhuma,2026-03-28 11:07:27,CSV (Dados Históricos)
Aleksej Pokusevski,,,Disponível,Nenhuma,2026-03-28 11:07:27,CSV (Dados Históricos)
Amida Brimah,,,Disponível,Nenhuma,2026-03-28 11:07:27,CSV (Dados Históricos)
Anderson Varejao,,,Disponível,Nenhuma,2026-03-28 11:07:27,CSV (Dados Históricos)
Anthony Edwards,,,Indisponível,Mar 30,2026-03-28 11:07:27,CSV (Dados Históricos)
Anthony Gill,,,Disponível,Nenhuma,2026-03-28 11:07:27,CSV (Dados Históricos)
Anthony Lamb,,,Disponível,Nenhuma,2026-03-28 11:07:27,CSV (Dados Históricos)
Armoni Brooks,,,Disponível,Nenhuma,2026-03-28 11:07:27,CSV (Dados Históricos)
Ashton Hagans,,,Disponível,Nenhuma,2026-03-28 11:07:27,CSV (Dados Históricos)
Axel Toupane,,,Disponível,Nenhuma,2026-03-28 11:07:27,CSV (Dados Históricos)
Brodric Thomas,,,Disponível,Nenhuma,2026-03-28 11:07:27,CSV (Dados Históricos)
CJ Elleby,,,Disponível,Nenhuma,2026-03-28 11:07:27,CSV (Dados Históricos)
Cam Reynolds,,,Disponível,Nenhuma,2026-03-28 11:07:27,CSV (Dados Históricos)
Cameron Oliver,,,Disponível,Nenhuma,2026-03-28 11:07:27,CSV (Dados Históricos)
Cassius Stanley,,,Disponível,Nenhuma,2026-03-28 11:07:27,CSV (Dados Históricos)
Cassius Winston,,,Disponível,Nenhuma,2026-03-28 11:07:27,CSV (Dados Históricos)
Chuma Okeke,,,Disponível,Nenhuma,2026-03-28 11:07:27,CSV (Dados Históricos)
Cole Anthony,,,Disponível,Nenhuma,2026-03-28 11:07:27,CSV (Dados Históricos)
Dakota Mathias,,,Disponível,Nenhuma,2026-03-28 11:07:27,CSV (Dados Históricos)
Daniel Oturu,,,Disponível,Nenhuma,2026-03-28 11:07:27,CSV (Dados Históricos)
Darius Miller,,,Disponível,Nenhuma,2026-03-28 11:07:27,CSV (Dados Históricos)
DeMarcus Cousins,,,Disponível,Nenhuma,2026-03-28 11:07:27,CSV (Dados Históricos)
Deividas Sirvydis,,,Disponível,Nenhuma,2026-03-28 11:07:27,CSV (Dados Históricos)
Deni Avdija,,,Disponível,Nenhuma,2026-03-28 11:07:27,CSV (Dados Históricos)
Desmond Bane,,,Disponível,Nenhuma,2026-03-28 11:07:27,CSV (Dados Históricos)
Devin Cannady,,,Disponível,Nenhuma,2026-03-28 11:07:27,CSV (Dados Históricos)
Devin Vassell,,,Disponível,Nenhuma,2026-03-28 11:07:27,CSV (Dados Históricos)
Devon Dotson,,,Disponível,Nenhuma,2026-03-28 11:07:27,CSV (Dados Históricos)
Didi Louzada,,,Disponível,Nenhuma,2026-03-28 11:07:27,CSV (Dados Históricos)
Dylan Windler,,,Disponível,Nenhuma,2026-03-28 11:07:27,CSV (Dados Históricos)
Elijah Bryant,,,Disponível,Nenhuma,2026-03-28 11:07:27,CSV (Dados Históricos)
Elijah Hughes,,,Disponível,Nenhuma,2026-03-28 11:07:27,CSV (Dados Históricos)
Facundo Campazzo,,,Disponível,Nenhuma,2026-03-28 11:07:27,CSV (Dados Históricos)
Freddie Gillespie,,,Disponível,Nenhuma,2026-03-28 11:07:27,CSV (Dados Históricos)
Gabriel Deck,,,Disponível,Nenhuma,2026-03-28 11:07:27,CSV (Dados Históricos)
Grant Riller,,,Disponível,Nenhuma,2026-03-28 11:07:27,CSV (Dados Históricos)
Greg Whittington,,,Disponível,Nenhuma,2026-03-28 11:07:27,CSV (Dados Históricos)
Immanuel Quickley,,,Indisponível,Mar 29,2026-03-28 11:07:27,CSV (Dados Históricos)
Isaac Okoro,,,Disponível,Nenhuma,2026-03-28 11:07:27,CSV (Dados Históricos)
Isaiah Joe,,,Disponível,Nenhuma,2026-03-28 11:07:27,CSV (Dados Históricos)
Isaiah Stewart,,,Indisponível,Mar 30,2026-03-28 11:07:27,CSV (Dados Históricos)
Jaden McDaniels,,,Indisponível,Mar 30,2026-03-28 11:07:27,CSV (Dados Históricos)
Jae'Sean Tate,,,Disponível,Nenhuma,2026-03-28 11:07:27,CSV (Dados Históricos)
Jahmi'us Ramsey,,,Disponível,Nenhuma,2026-03-28 11:07:27,CSV (Dados Históricos)
Jalen Harris,,,Disponível,Nenhuma,2026-03-28 11:07:27,CSV (Dados Históricos)
Jalen Smith,,,Indisponível,Oct 1,2026-03-28 11:07:27,CSV (Dados Históricos)
James Nunnally,,,Disponível,Nenhuma,2026-03-28 11:07:27,CSV (Dados Históricos)
James Wiseman,,,Disponível,Nenhuma,2026-03-28 11:07:27,CSV (Dados Históricos)
Jay Scrubb,,,Disponível,Nenhuma,2026-03-28 11:07:27,CSV (Dados Históricos)
Jaylen Adams,,,Disponível,Nenhuma,2026-03-28 11:07:27,CSV (Dados Históricos)
John Wall,,,Disponível,Nenhuma,2026-03-28 11:07:27,CSV (Dados Históricos)
Jontay Porter,,,Disponível,Nenhuma,2026-03-28 11:07:27,CSV (Dados Históricos)
Jordan Nwora,,,Disponível,Nenhuma,2026-03-28 11:07:27,CSV (Dados Históricos)
Josh Green,,,Disponível,Nenhuma,2026-03-28 11:07:27,CSV (Dados Históricos)
Josh Hall,,,Disponível,Nenhuma,2026-03-28 11:07:27,CSV (Dados Históricos)
KJ Martin,,,Disponível,Nenhuma,2026-03-28 11:07:27,CSV (Dados Históricos)
Karim Mane,,,Disponível,Nenhuma,2026-03-28 11:07:27,CSV (Dados Históricos)
Keljin Blevins,,,Disponível,Nenhuma,2026-03-28 11:07:27,CSV (Dados Históricos)
Kevin Durant,,,Disponível,Nenhuma,2026-03-28 11:07:27,CSV (Dados Históricos)
Killian Hayes,,,Indisponível,Mar 28,2026-03-28 11:07:27,CSV (Dados Históricos)
Killian Tillie,,,Disponível,Nenhuma,2026-03-28 11:07:27,CSV (Dados Históricos)
Kira Lewis Jr.,,,Disponível,Nenhuma,2026-03-28 11:07:27,CSV (Dados Históricos)
LaMelo Ball,,,Disponível,Nenhuma,2026-03-28 11:07:27,CSV (Dados Históricos)
Lamar Stevens,,,Disponível,Nenhuma,2026-03-28 11:07:27,CSV (Dados Históricos)
Malachi Flynn,,,Disponível,Nenhuma,2026-03-28 11:07:27,CSV (Dados Históricos)
Malik Fitts,,,Disponível,Nenhuma,2026-03-28 11:07:27,CSV (Dados Históricos)
Mamadi Diakite,,,Disponível,Nenhuma,2026-03-28 11:07:27,CSV (Dados Históricos)
Markus Howard,,,Disponível,Nenhuma,2026-03-28 11:07:27,CSV (Dados Históricos)
Mason Jones,,,Disponível,Nenhuma,2026-03-28 11:07:27,CSV (Dados Históricos)
Mike James,,,Disponível,Nenhuma,2026-03-28 11:07:27,CSV (Dados Históricos)
Naji Marshall,,,Disponível,Nenhuma,2026-03-28 11:07:27,CSV (Dados Históricos)
Nate Darling,,,Disponível,Nenhuma,2026-03-28 11:07:27,CSV (Dados Históricos)
Nate Hinton,,,Disponível,Nenhuma,2026-03-28 11:07:27,CSV (Dados Históricos)
Nathan Knight,,,Disponível,Nenhuma,2026-03-28 11:07:27,CSV (Dados Históricos)
Nick Richards,,,Indisponível,Mar 28,2026-03-28 11:07:27,CSV (Dados Históricos)
Nico Mannion,,,Disponível,Nenhuma,2026-03-28 11:07:27,CSV (Dados Históricos)
Obi Toppin,,,Disponível,Nenhuma,2026-03-28 11:07:27,CSV (Dados Históricos)
Onyeka Okongwu,,,Disponível,Nenhuma,2026-03-28 11:07:27,CSV (Dados Históricos)
Patrick Williams,,,Disponível,Nenhuma,2026-03-28 11:07:27,CSV (Dados Históricos)
Paul Reed,,,Disponível,Nenhuma,2026-03-28 11:07:27,CSV (Dados Históricos)
Payton Pritchard,,,Disponível,Nenhuma,2026-03-28 11:07:27,CSV (Dados Históricos)
Precious Achiuwa,,,Disponível,Nenhuma,2026-03-28 11:07:27,CSV (Dados Históricos)
R.J. Hampton,,,Disponível,Nenhuma,2026-03-28 11:07:27,CSV (Dados Históricos)
Ray Spalding,,,Disponível,Nenhuma,2026-03-28 11:07:27,CSV (Dados Históricos)
Reggie Perry,,,Disponível,Nenhuma,2026-03-28 11:07:27,CSV (Dados Históricos)
Robert Franks,,,Disponível,Nenhuma,2026-03-28 11:07:27,CSV (Dados Históricos)
Robert Woodard II,,,Disponível,Nenhuma,2026-03-28 11:07:27,CSV (Dados Históricos)
Saben Lee,,,Disponível,Nenhuma,2026-03-28 11:07:27,CSV (Dados Históricos)
Saddiq Bey,,,Disponível,Nenhuma,2026-03-28 11:07:27,CSV (Dados Históricos)
Sam Merrill,,,Disponível,Nenhuma,2026-03-28 11:07:27,CSV (Dados Históricos)
Sean McDermott,,,Disponível,Nenhuma,2026-03-28 11:07:27,CSV (Dados Históricos)
Skylar Mays,,,Disponível,Nenhuma,2026-03-28 11:07:27,CSV (Dados Históricos)
Theo Maledon,,,Disponível,Nenhuma,2026-03-28 11:07:27,CSV (Dados Históricos)
Tre Jones,,,Disponível,Nenhuma,2026-03-28 11:07:27,CSV (Dados Históricos)
Trent Forrest,,,Disponível,Nenhuma,2026-03-28 11:07:27,CSV (Dados Históricos)
Ty-Shon Alexander,,,Disponível,Nenhuma,2026-03-28 11:07:27,CSV (Dados Históricos)
Tyler Bey,,,Disponível,Nenhuma,2026-03-28 11:07:27,CSV (Dados Históricos)
Tyrell Terry,,,Disponível,Nenhuma,2026-03-28 11:07:27,CSV (Dados Históricos)
Tyrese Haliburton,,,Indisponível,Oct 1,2026-03-28 11:07:27,CSV (Dados Históricos)
Tyrese Maxey,,,Indisponível,Mar 28,2026-03-28 11:07:27,CSV (Dados Históricos)
Udoka Azubuike,,,Disponível,Nenhuma,2026-03-28 11:07:27,CSV (Dados Históricos)
Vernon Carey Jr.,,,Disponível,Nenhuma,2026-03-28 11:07:27,CSV (Dados Históricos)
Will Magnay,,,Disponível,Nenhuma,2026-03-28 11:07:27,CSV (Dados Históricos)
Xavier Tillman,,,Disponível,Nenhuma,2026-03-28 11:07:27,CSV (Dados Históricos)
Zeke Nnaji,,,Disponível,Nenhuma,2026-03-28 11:07:27,CSV (Dados Históricos)
Aaron Henry,,,Disponível,Nenhuma,2026-03-28 11:07:27,CSV (Dados Históricos)
Aaron Wiggins,,,Disponível,Nenhuma,2026-03-28 11:07:27,CSV (Dados Históricos)
Ade Murkey,,,Disponível,Nenhuma,2026-03-28 11:07:27,CSV (Dados Históricos)
Ahmad Caver,,,Disponível,Nenhuma,2026-03-28 11:07:27,CSV (Dados Históricos)
Aleem Ford,,,Disponível,Nenhuma,2026-03-28 11:07:27,CSV (Dados Históricos)
Alperen Sengun,,,Disponível,Nenhuma,2026-03-28 11:07:27,CSV (Dados Históricos)
Arnoldas Kulboka,,,Disponível,Nenhuma,2026-03-28 11:07:27,CSV (Dados Históricos)
Austin Reaves,,,Disponível,Nenhuma,2026-03-28 11:07:27,CSV (Dados Históricos)
Ayo Dosunmu,,,Indisponível,Mar 30,2026-03-28 11:07:27,CSV (Dados Históricos)
Bones Hyland,,,Disponível,Nenhuma,2026-03-28 11:07:27,CSV (Dados Históricos)
Brandon Boston,,,Disponível,Nenhuma,2026-03-28 11:07:27,CSV (Dados Históricos)
Brandon Williams,,,Disponível,Nenhuma,2026-03-28 11:07:27,CSV (Dados Históricos)
Braxton Key,,,Disponível,Nenhuma,2026-03-28 11:07:27,CSV (Dados Históricos)
Cade Cunningham,,,Indisponível,Apr 8,2026-03-28 11:07:27,CSV (Dados Históricos)
Cam Thomas,,,Disponível,Nenhuma,2026-03-28 11:07:27,CSV (Dados Históricos)
Cameron McGriff,,,Disponível,Nenhuma,2026-03-28 11:07:27,CSV (Dados Históricos)
Carlik Jones,,,Disponível,Nenhuma,2026-03-28 11:07:27,CSV (Dados Históricos)
Cat Barber,,,Disponível,Nenhuma,2026-03-28 11:07:27,CSV (Dados Históricos)
Charles Bassey,,,Disponível,Nenhuma,2026-03-28 11:07:27,CSV (Dados Históricos)
Chaundee Brown Jr.,,,Disponível,Nenhuma,2026-03-28 11:07:27,CSV (Dados Históricos)
Chris Duarte,,,Disponível,Nenhuma,2026-03-28 11:07:27,CSV (Dados Históricos)
Corey Kispert,,,Disponível,Nenhuma,2026-03-28 11:07:27,CSV (Dados Históricos)
Craig Sword,,,Disponível,Nenhuma,2026-03-28 11:07:27,CSV (Dados Históricos)
Daishen Nix,,,Disponível,Nenhuma,2026-03-28 11:07:27,CSV (Dados Históricos)
Dalano Banton,,,Disponível,Nenhuma,2026-03-28 11:07:27,CSV (Dados Históricos)
Darren Collison,,,Disponível,Nenhuma,2026-03-28 11:07:27,CSV (Dados Históricos)
David Duke Jr.,,,Disponível,Nenhuma,2026-03-28 11:07:27,CSV (Dados Históricos)
David Johnson,,,Disponível,Nenhuma,2026-03-28 11:07:27,CSV (Dados Históricos)
Davion Mitchell,,,Disponível,Nenhuma,2026-03-28 11:07:27,CSV (Dados Históricos)
Davon Reed,,,Disponível,Nenhuma,2026-03-28 11:07:27,CSV (Dados Históricos)
Day'Ron Sharpe,,,Indisponível,Oct 1,2026-03-28 11:07:27,CSV (Dados Históricos)
DeJon Jarreau,,,Disponível,Nenhuma,2026-03-28 11:07:27,CSV (Dados Históricos)
Duane Washington Jr.,,,Disponível,Nenhuma,2026-03-28 11:07:27,CSV (Dados Históricos)
Emanuel Terry,,,Disponível,Nenhuma,2026-03-28 11:07:27,CSV (Dados Históricos)
Eugene Omoruyi,,,Disponível,Nenhuma,2026-03-28 11:07:27,CSV (Dados Históricos)
Evan Mobley,,,Disponível,Nenhuma,2026-03-28 11:07:27,CSV (Dados Históricos)
Feron Hunt,,,Disponível,Nenhuma,2026-03-28 11:07:27,CSV (Dados Históricos)
Franz Wagner,,,Indisponível,Mar 29,2026-03-28 11:07:27,CSV (Dados Históricos)
Gabe York,,,Disponível,Nenhuma,2026-03-28 11:07:27,CSV (Dados Históricos)
Gabriel Lundberg,,,Disponível,Nenhuma,2026-03-28 11:07:27,CSV (Dados Históricos)
George King,,,Disponível,Nenhuma,2026-03-28 11:07:27,CSV (Dados Históricos)
Georgios Kalaitzakis,,,Disponível,Nenhuma,2026-03-28 11:07:27,CSV (Dados Históricos)
Greg Brown III,,,Disponível,Nenhuma,2026-03-28 11:07:27,CSV (Dados Históricos)
Greg Monroe,,,Disponível,Nenhuma,2026-03-28 11:07:27,CSV (Dados Históricos)
Hassani Gravett,,,Disponível,Nenhuma,2026-03-28 11:07:27,CSV (Dados Históricos)
Haywood Highsmith,,,Indisponível,Mar 30,2026-03-28 11:07:27,CSV (Dados Históricos)
Herbert Jones,,,Disponível,Nenhuma,2026-03-28 11:07:27,CSV (Dados Históricos)
Isaiah Jackson,,,Indisponível,Mar 29,2026-03-28 11:07:27,CSV (Dados Históricos)
Isaiah Livers,,,Disponível,Nenhuma,2026-03-28 11:07:27,CSV (Dados Históricos)
Isaiah Todd,,,Disponível,Nenhuma,2026-03-28 11:07:27,CSV (Dados Históricos)
Ish Wainright,,,Disponível,Nenhuma,2026-03-28 11:07:27,CSV (Dados Históricos)
JT Thor,,,Disponível,Nenhuma,2026-03-28 11:07:27,CSV (Dados Históricos)
JaQuori McLaughlin,,,Disponível,Nenhuma,2026-03-28 11:07:27,CSV (Dados Históricos)
Jaden Springer,,,Disponível,Nenhuma,2026-03-28 11:07:27,CSV (Dados Históricos)
Jaime Echenique,,,Disponível,Nenhuma,2026-03-28 11:07:27,CSV (Dados Históricos)
Jalen Green,,,Disponível,Nenhuma,2026-03-28 11:07:27,CSV (Dados Históricos)
Jalen Johnson,,,Disponível,Nenhuma,2026-03-28 11:07:27,CSV (Dados Históricos)
Jalen Suggs,,,Disponível,Nenhuma,2026-03-28 11:07:27,CSV (Dados Históricos)
James Bouknight,,,Disponível,Nenhuma,2026-03-28 11:07:27,CSV (Dados Históricos)
Jamorko Pickett,,,Disponível,Nenhuma,2026-03-28 11:07:27,CSV (Dados Históricos)
Jared Butler,,,Disponível,Nenhuma,2026-03-28 11:07:27,CSV (Dados Históricos)
Jarron Cumberland,,,Disponível,Nenhuma,2026-03-28 11:07:27,CSV (Dados Históricos)
Javin DeLaurier,,,Disponível,Nenhuma,2026-03-28 11:07:27,CSV (Dados Históricos)
Javonte Smart,,,Disponível,Nenhuma,2026-03-28 11:07:27,CSV (Dados Históricos)
Jay Huff,,,Disponível,Nenhuma,2026-03-28 11:07:27,CSV (Dados Históricos)
Jaylen Morris,,,Disponível,Nenhuma,2026-03-28 11:07:27,CSV (Dados Históricos)
Jaysean Paige,,,Disponível,Nenhuma,2026-03-28 11:07:27,CSV (Dados Históricos)
Jeff Dowtin Jr.,,,Disponível,Nenhuma,2026-03-28 11:07:27,CSV (Dados Históricos)
Jemerrio Jones,,,Disponível,Nenhuma,2026-03-28 11:07:27,CSV (Dados Históricos)
Jeremiah Robinson-Earl,,,Disponível,Nenhuma,2026-03-28 11:07:27,CSV (Dados Históricos)
Jericho Sims,,,Disponível,Nenhuma,2026-03-28 11:07:27,CSV (Dados Históricos)
Jock Landale,,,Indisponível,Mar 28,2026-03-28 11:07:27,CSV (Dados Históricos)
Joe Johnson,,,Disponível,Nenhuma,2026-03-28 11:07:27,CSV (Dados Históricos)
Joe Wieskamp,,,Disponível,Nenhuma,2026-03-28 11:07:27,CSV (Dados Históricos)
Joel Ayayi,,,Disponível,Nenhuma,2026-03-28 11:07:27,CSV (Dados Históricos)
Jon Teske,,,Disponível,Nenhuma,2026-03-28 11:07:27,CSV (Dados Históricos)
Jonathan Kuminga,,,Disponível,Nenhuma,2026-03-28 11:07:27,CSV (Dados Históricos)
Jordan Goodwin,,,Disponível,Nenhuma,2026-03-28 11:07:27,CSV (Dados Históricos)
Jordan Schakel,,,Disponível,Nenhuma,2026-03-28 11:07:27,CSV (Dados Históricos)
Jose Alvarado,,,Disponível,Nenhuma,2026-03-28 11:07:27,CSV (Dados Históricos)
Josh Christopher,,,Disponível,Nenhuma,2026-03-28 11:07:27,CSV (Dados Históricos)
Josh Giddey,,,Disponível,Nenhuma,2026-03-28 11:07:27,CSV (Dados Históricos)
Joshua Primo,,,Disponível,Nenhuma,2026-03-28 11:07:27,CSV (Dados Históricos)
Justin Champagnie,,,Disponível,Nenhuma,2026-03-28 11:07:27,CSV (Dados Históricos)
Kai Jones,,,Disponível,Nenhuma,2026-03-28 11:07:27,CSV (Dados Históricos)
Keifer Sykes,,,Disponível,Nenhuma,2026-03-28 11:07:27,CSV (Dados Históricos)
Keon Johnson,,,Disponível,Nenhuma,2026-03-28 11:07:27,CSV (Dados Históricos)
Kessler Edwards,,,Disponível,Nenhuma,2026-03-28 11:07:27,CSV (Dados Históricos)
Kevin Pangos,,,Disponível,Nenhuma,2026-03-28 11:07:27,CSV (Dados Históricos)
Klay Thompson,,,Disponível,Nenhuma,2026-03-28 11:07:27,CSV (Dados Históricos)
Lance Stephenson,,,Disponível,Nenhuma,2026-03-28 11:07:27,CSV (Dados Históricos)
Leandro Bolmaro,,,Disponível,Nenhuma,2026-03-28 11:07:27,CSV (Dados Históricos)
Lindell Wigginton,,,Disponível,Nenhuma,2026-03-28 11:07:27,CSV (Dados Históricos)
Lindy Waters III,,,Disponível,Nenhuma,2026-03-28 11:07:27,CSV (Dados Históricos)
Luka Garza,,,Disponível,Nenhuma,2026-03-28 11:07:27,CSV (Dados Históricos)
MJ Walker,,,Disponível,Nenhuma,2026-03-28 11:07:27,CSV (Dados Históricos)
Mac McClung,,,Disponível,Nenhuma,2026-03-28 11:07:27,CSV (Dados Históricos)
Malcolm Hill,,,Disponível,Nenhuma,2026-03-28 11:07:27,CSV (Dados Históricos)
Marcus Garrett,,,Disponível,Nenhuma,2026-03-28 11:07:27,CSV (Dados Históricos)
Marko Simonovic,,,Disponível,Nenhuma,2026-03-28 11:07:27,CSV (Dados Históricos)
Matt Ryan,,,Disponível,Nenhuma,2026-03-28 11:07:27,CSV (Dados Históricos)
McKinley Wright IV,,,Disponível,Nenhuma,2026-03-28 11:07:27,CSV (Dados Históricos)
Micah Potter,,,Disponível,Nenhuma,2026-03-28 11:07:27,CSV (Dados Históricos)
Miles McBride,,,Indisponível,Apr 1,2026-03-28 11:07:27,CSV (Dados Históricos)
Moses Moody,,,Indisponível,Dec 1,2026-03-28 11:07:27,CSV (Dados Históricos)
Moses Wright,,,Disponível,Nenhuma,2026-03-28 11:07:27,CSV (Dados Históricos)
Myles Powell,,,Disponível,Nenhuma,2026-03-28 11:07:27,CSV (Dados Históricos)
Neemias Queta,,,Disponível,Nenhuma,2026-03-28 11:07:27,CSV (Dados Históricos)
Nik Stauskas,,,Disponível,Nenhuma,2026-03-28 11:07:27,CSV (Dados Históricos)
Olivier Sarr,,,Disponível,Nenhuma,2026-03-28 11:07:27,CSV (Dados Históricos)
Omer Yurtseven,,,Disponível,Nenhuma,2026-03-28 11:07:27,CSV (Dados Históricos)
Paris Bass,,,Disponível,Nenhuma,2026-03-28 11:07:27,CSV (Dados Históricos)
Petr Cornelie,,,Disponível,Nenhuma,2026-03-28 11:07:27,CSV (Dados Históricos)
Quentin Grimes,,,Disponível,Nenhuma,2026-03-28 11:07:27,CSV (Dados Históricos)
Rob Edwards,,,Disponível,Nenhuma,2026-03-28 11:07:27,CSV (Dados Históricos)
Ruben Nembhard Jr.,,,Disponível,Nenhuma,2026-03-28 11:07:27,CSV (Dados Históricos)
Sam Dekker,,,Disponível,Nenhuma,2026-03-28 11:07:27,CSV (Dados Históricos)
Sam Hauser,,,Disponível,Nenhuma,2026-03-28 11:07:27,CSV (Dados Históricos)
Sandro Mamukelashvili,,,Disponível,Nenhuma,2026-03-28 11:07:27,CSV (Dados Históricos)
Santi Aldama,,,Indisponível,Oct 1,2026-03-28 11:07:27,CSV (Dados Históricos)
Scottie Barnes,,,Disponível,Nenhuma,2026-03-28 11:07:27,CSV (Dados Históricos)
Scottie Lewis,,,Disponível,Nenhuma,2026-03-28 11:07:27,CSV (Dados Históricos)
Scotty Hopson,,,Disponível,Nenhuma,2026-03-28 11:07:27,CSV (Dados Históricos)
Shaq Buchanan,,,Disponível,Nenhuma,2026-03-28 11:07:27,CSV (Dados Históricos)
Sharife Cooper,,,Disponível,Nenhuma,2026-03-28 11:07:27,CSV (Dados Históricos)
Terry Taylor,,,Disponível,Nenhuma,2026-03-28 11:07:27,CSV (Dados Históricos)
Trayvon Palmer,,,Disponível,Nenhuma,2026-03-28 11:07:27,CSV (Dados Históricos)
Tre Mann,,,Disponível,Nenhuma,2026-03-28 11:07:27,CSV (Dados Históricos)
Trendon Watford,,,Disponível,Nenhuma,2026-03-28 11:07:27,CSV (Dados Históricos)
Trevelin Queen,,,Disponível,Nenhuma,2026-03-28 11:07:27,CSV (Dados Históricos)
Trevon Scott,,,Disponível,Nenhuma,2026-03-28 11:07:27,CSV (Dados Históricos)
Trey Murphy III,,,Indisponível,Mar 29,2026-03-28 11:07:27,CSV (Dados Históricos)
Tyler Hall,,,Disponível,Nenhuma,2026-03-28 11:07:27,CSV (Dados Históricos)
Usman Garuba,,,Disponível,Nenhuma,2026-03-28 11:07:27,CSV (Dados Históricos)
Vít Krejčí,,,Disponível,Nenhuma,2026-03-28 11:07:27,CSV (Dados Históricos)
Wayne Selden,,,Disponível,Nenhuma,2026-03-28 11:07:27,CSV (Dados Históricos)
Xavier Moon,,,Disponível,Nenhuma,2026-03-28 11:07:27,CSV (Dados Históricos)
Xavier Sneed,,,Disponível,Nenhuma,2026-03-28 11:07:27,CSV (Dados Históricos)
Yves Pons,,,Disponível,Nenhuma,2026-03-28 11:07:27,CSV (Dados Históricos)
Zavier Simpson,,,Disponível,Nenhuma,2026-03-28 11:07:27,CSV (Dados Históricos)
Ziaire Williams,,,Disponível,Nenhuma,2026-03-28 11:07:27,CSV (Dados Históricos)
A.J. Lawson,,,Disponível,Nenhuma,2026-03-28 11:07:27,CSV (Dados Históricos)
AJ Green,,,Disponível,Nenhuma,2026-03-28 11:07:27,CSV (Dados Históricos)
AJ Griffin,,,Disponível,Nenhuma,2026-03-28 11:07:27,CSV (Dados Históricos)
Alondes Williams,,,Disponível,Nenhuma,2026-03-28 11:07:27,CSV (Dados Históricos)
Andrew Nembhard,,,Disponível,Nenhuma,2026-03-28 11:07:27,CSV (Dados Históricos)
Bennedict Mathurin,,,Disponível,Nenhuma,2026-03-28 11:07:27,CSV (Dados Históricos)
Blake Wesley,,,Disponível,Nenhuma,2026-03-28 11:07:27,CSV (Dados Históricos)
Bryce McGowens,,,Indisponível,Mar 29,2026-03-28 11:07:27,CSV (Dados Históricos)
Buddy Boeheim,,,Disponível,Nenhuma,2026-03-28 11:07:27,CSV (Dados Históricos)
Caleb Houstan,,,Disponível,Nenhuma,2026-03-28 11:07:27,CSV (Dados Históricos)
Chance Comanche,,,Disponível,Nenhuma,2026-03-28 11:07:27,CSV (Dados Históricos)
Chima Moneke,,,Disponível,Nenhuma,2026-03-28 11:07:27,CSV (Dados Históricos)
Christian Braun,,,Disponível,Nenhuma,2026-03-28 11:07:27,CSV (Dados Históricos)
Christian Koloko,,,Disponível,Nenhuma,2026-03-28 11:07:27,CSV (Dados Históricos)
Cole Swider,,,Disponível,Nenhuma,2026-03-28 11:07:27,CSV (Dados Históricos)
Dalen Terry,,,Disponível,Nenhuma,2026-03-28 11:07:27,CSV (Dados Históricos)
Darius Days,,,Disponível,Nenhuma,2026-03-28 11:07:27,CSV (Dados Históricos)
David Roddy,,,Disponível,Nenhuma,2026-03-28 11:07:27,CSV (Dados Históricos)
Dereon Seabron,,,Disponível,Nenhuma,2026-03-28 11:07:27,CSV (Dados Históricos)
Dominick Barlow,,,Disponível,Nenhuma,2026-03-28 11:07:27,CSV (Dados Históricos)
Donovan Williams,,,Disponível,Nenhuma,2026-03-28 11:07:27,CSV (Dados Históricos)
Dru Smith,,,Disponível,Nenhuma,2026-03-28 11:07:27,CSV (Dados Históricos)
Dyson Daniels,,,Disponível,Nenhuma,2026-03-28 11:07:27,CSV (Dados Históricos)
Isaiah Mobley,,,Disponível,Nenhuma,2026-03-28 11:07:27,CSV (Dados Históricos)
JD Davison,,,Disponível,Nenhuma,2026-03-28 11:07:27,CSV (Dados Históricos)
Jabari Smith Jr.,,,Disponível,Nenhuma,2026-03-28 11:07:27,CSV (Dados Históricos)
Jabari Walker,,,Disponível,Nenhuma,2026-03-28 11:07:27,CSV (Dados Históricos)
Jack White,,,Disponível,Nenhuma,2026-03-28 11:07:27,CSV (Dados Históricos)
Jacob Gilyard,,,Disponível,Nenhuma,2026-03-28 11:07:27,CSV (Dados Históricos)
Jaden Hardy,,,Disponível,Nenhuma,2026-03-28 11:07:27,CSV (Dados Históricos)
Jaden Ivey,,,Indisponível,Oct 1,2026-03-28 11:07:27,CSV (Dados Históricos)
Jake LaRavia,,,Disponível,Nenhuma,2026-03-28 11:07:27,CSV (Dados Históricos)
Jalen Duren,,,Indisponível,Mar 28,2026-03-28 11:07:27,CSV (Dados Históricos)
Jalen Williams,,,Disponível,Nenhuma,2026-03-28 11:07:27,CSV (Dados Históricos)
Jamal Cain,,,Disponível,Nenhuma,2026-03-28 11:07:27,CSV (Dados Históricos)
Jamaree Bouyea,,,Disponível,Nenhuma,2026-03-28 11:07:27,CSV (Dados Históricos)
Jared Rhoden,,,Disponível,Nenhuma,2026-03-28 11:07:27,CSV (Dados Históricos)
Jason Preston,,,Disponível,Nenhuma,2026-03-28 11:07:27,CSV (Dados Históricos)
Jaylin Williams,,,Disponível,Nenhuma,2026-03-28 11:07:27,CSV (Dados Históricos)
Jeremy Sochan,,,Disponível,Nenhuma,2026-03-28 11:07:27,CSV (Dados Históricos)
John Butler Jr.,,,Disponível,Nenhuma,2026-03-28 11:07:27,CSV (Dados Históricos)
Johnny Davis,,,Disponível,Nenhuma,2026-03-28 11:07:27,CSV (Dados Históricos)
Johnny Juzang,,,Disponível,Nenhuma,2026-03-28 11:07:27,CSV (Dados Históricos)
Jordan Hall,,,Disponível,Nenhuma,2026-03-28 11:07:27,CSV (Dados Históricos)
Josh Minott,,,Disponível,Nenhuma,2026-03-28 11:07:27,CSV (Dados Históricos)
Julian Champagnie,,,Disponível,Nenhuma,2026-03-28 11:07:27,CSV (Dados Históricos)
Justin Minaya,,,Disponível,Nenhuma,2026-03-28 11:07:27,CSV (Dados Históricos)
Keegan Murray,,,Indisponível,Apr 1,2026-03-28 11:07:27,CSV (Dados Históricos)
Kendall Brown,,,Disponível,Nenhuma,2026-03-28 11:07:27,CSV (Dados Históricos)
Kennedy Chandler,,,Disponível,Nenhuma,2026-03-28 11:07:27,CSV (Dados Históricos)
Kenneth Lofton Jr.,,,Disponível,Nenhuma,2026-03-28 11:07:27,CSV (Dados Históricos)
Keon Ellis,,,Disponível,Nenhuma,2026-03-28 11:07:27,CSV (Dados Históricos)
Kevon Harris,,,Disponível,Nenhuma,2026-03-28 11:07:27,CSV (Dados Históricos)
Kobi Simmons,,,Disponível,Nenhuma,2026-03-28 11:07:27,CSV (Dados Históricos)
Lester Quinones,,,Disponível,Nenhuma,2026-03-28 11:07:27,CSV (Dados Históricos)
Malaki Branham,,,Disponível,Nenhuma,2026-03-28 11:07:27,CSV (Dados Históricos)
MarJon Beauchamp,,,Disponível,Nenhuma,2026-03-28 11:07:27,CSV (Dados Históricos)
Mark Williams,,,Indisponível,Mar 30,2026-03-28 11:07:27,CSV (Dados Históricos)
Max Christie,,,Disponível,Nenhuma,2026-03-28 11:07:27,CSV (Dados Históricos)
Michael Foster Jr.,,,Disponível,Nenhuma,2026-03-28 11:07:27,CSV (Dados Históricos)
Moussa Diabaté,,,Disponível,Nenhuma,2026-03-28 11:07:27,CSV (Dados Históricos)
Nate Williams,,,Disponível,Nenhuma,2026-03-28 11:07:27,CSV (Dados Históricos)
Nikola Jović,,,Disponível,Nenhuma,2026-03-28 11:07:27,CSV (Dados Históricos)
Ochai Agbaji,,,Disponível,Nenhuma,2026-03-28 11:07:27,CSV (Dados Históricos)
Orlando Robinson,,,Disponível,Nenhuma,2026-03-28 11:07:27,CSV (Dados Históricos)
Ousmane Dieng,,,Disponível,Nenhuma,2026-03-28 11:07:27,CSV (Dados Históricos)
Paolo Banchero,,,Disponível,Nenhuma,2026-03-28 11:07:27,CSV (Dados Históricos)
Patrick Baldwin Jr.,,,Disponível,Nenhuma,2026-03-28 11:07:27,CSV (Dados Históricos)
Peyton Watson,,,Disponível,Nenhuma,2026-03-28 11:07:27,CSV (Dados Históricos)
Quenton Jackson,,,Disponível,Nenhuma,2026-03-28 11:07:27,CSV (Dados Históricos)
RaiQuan Gray,,,Disponível,Nenhuma,2026-03-28 11:07:27,CSV (Dados Históricos)
Ron Harper Jr.,,,Disponível,Nenhuma,2026-03-28 11:07:27,CSV (Dados Históricos)
Ryan Rollins,,,Disponível,Nenhuma,2026-03-28 11:07:27,CSV (Dados Históricos)
Scotty Pippen Jr.,,,Indisponível,Oct 1,2026-03-28 11:07:27,CSV (Dados Históricos)
Shaedon Sharpe,,,Indisponível,Apr 2,2026-03-28 11:07:27,CSV (Dados Históricos)
Simone Fontecchio,,,Disponível,Nenhuma,2026-03-28 11:07:27,CSV (Dados Históricos)
Stanley Umude,,,Disponível,Nenhuma,2026-03-28 11:07:27,CSV (Dados Históricos)
Tari Eason,,,Disponível,Nenhuma,2026-03-28 11:07:27,CSV (Dados Históricos)
Trevor Hudgins,,,Disponível,Nenhuma,2026-03-28 11:07:27,CSV (Dados Históricos)
Trevor Keels,,,Disponível,Nenhuma,2026-03-28 11:07:27,CSV (Dados Históricos)
TyTy Washington Jr.,,,Disponível,Nenhuma,2026-03-28 11:07:27,CSV (Dados Históricos)
Tyler Dorsey,,,Disponível,Nenhuma,2026-03-28 11:07:27,CSV (Dados Históricos)
Tyrese Martin,,,Disponível,Nenhuma,2026-03-28 11:07:27,CSV (Dados Históricos)
Vince Williams Jr.,,,Disponível,Nenhuma,2026-03-28 11:07:27,CSV (Dados Históricos)
Walker Kessler,,,Indisponível,Oct 1,2026-03-28 11:07:27,CSV (Dados Históricos)
Wendell Moore Jr.,,,Disponível,Nenhuma,2026-03-28 11:07:27,CSV (Dados Históricos)
Xavier Cooks,,,Disponível,Nenhuma,2026-03-28 11:07:27,CSV (Dados Históricos)
Adam Flagler,,,Disponível,Nenhuma,2026-03-28 11:07:27,CSV (Dados Históricos)
Adama Sanogo,,,Disponível,Nenhuma,2026-03-28 11:07:27,CSV (Dados Históricos)
Alex Fudge,,,Disponível,Nenhuma,2026-03-28 11:07:27,CSV (Dados Históricos)
Amari Bailey,,,Disponível,Nenhuma,2026-03-28 11:07:27,CSV (Dados Históricos)
Amen Thompson,,,Disponível,Nenhuma,2026-03-28 11:07:27,CSV (Dados Históricos)
Andre Jackson Jr.,,,Disponível,Nenhuma,2026-03-28 11:07:27,CSV (Dados Históricos)
Andrew Funk,,,Disponível,Nenhuma,2026-03-28 11:07:27,CSV (Dados Históricos)
Anthony Black,,,Indisponível,Mar 29,2026-03-28 11:07:27,CSV (Dados Históricos)
Ausar Thompson,,,Indisponível,Mar 28,2026-03-28 11:07:27,CSV (Dados Históricos)
Ben Sheppard,,,Disponível,Nenhuma,2026-03-28 11:07:27,CSV (Dados Históricos)
Bilal Coulibaly,,,Disponível,Nenhuma,2026-03-28 11:07:27,CSV (Dados Históricos)
Brandin Podziemski,,,Disponível,Nenhuma,2026-03-28 11:07:27,CSV (Dados Históricos)
Brandon Miller,,,Disponível,Nenhuma,2026-03-28 11:07:27,CSV (Dados Históricos)
Brice Sensabaugh,,,Disponível,Nenhuma,2026-03-28 11:07:27,CSV (Dados Históricos)
Cam Whitmore,,,Indisponível,Oct 1,2026-03-28 11:07:27,CSV (Dados Históricos)
Cason Wallace,,,Disponível,Nenhuma,2026-03-28 11:07:27,CSV (Dados Históricos)
Chet Holmgren,,,Indisponível,Mar 29,2026-03-28 11:07:27,CSV (Dados Históricos)
Chris Livingston,,,Disponível,Nenhuma,2026-03-28 11:07:27,CSV (Dados Históricos)
Colby Jones,,,Disponível,Nenhuma,2026-03-28 11:07:27,CSV (Dados Históricos)
Colin Castleton,,,Disponível,Nenhuma,2026-03-28 11:07:27,CSV (Dados Históricos)
Collin Gillespie,,,Disponível,Nenhuma,2026-03-28 11:07:27,CSV (Dados Históricos)
Craig Porter Jr.,,,Indisponível,Mar 30,2026-03-28 11:07:27,CSV (Dados Históricos)
D'Moi Hodge,,,Disponível,Nenhuma,2026-03-28 11:07:27,CSV (Dados Históricos)
D.J. Carton,,,Disponível,Nenhuma,2026-03-28 11:07:27,CSV (Dados Históricos)
Dariq Whitehead,,,Disponível,Nenhuma,2026-03-28 11:07:27,CSV (Dados Históricos)
Dereck Lively II,,,Indisponível,Oct 1,2026-03-28 11:07:27,CSV (Dados Históricos)
Dexter Dennis,,,Disponível,Nenhuma,2026-03-28 11:07:27,CSV (Dados Históricos)
Dmytro Skapintsev,,,Disponível,Nenhuma,2026-03-28 11:07:27,CSV (Dados Históricos)
Drew Peterson,,,Disponível,Nenhuma,2026-03-28 11:07:27,CSV (Dados Históricos)
Duop Reath,,,Disponível,Nenhuma,2026-03-28 11:07:27,CSV (Dados Históricos)
E.J. Liddell,,,Disponível,Nenhuma,2026-03-28 11:07:27,CSV (Dados Históricos)
Emoni Bates,,,Disponível,Nenhuma,2026-03-28 11:07:27,CSV (Dados Históricos)
Filip Petrusev,,,Disponível,Nenhuma,2026-03-28 11:07:27,CSV (Dados Históricos)
GG Jackson,,,Disponível,Nenhuma,2026-03-28 11:07:27,CSV (Dados Históricos)
Gradey Dick,,,Disponível,Nenhuma,2026-03-28 11:07:27,CSV (Dados Históricos)
Gui Santos,,,Disponível,Nenhuma,2026-03-28 11:07:27,CSV (Dados Históricos)
Henri Drell,,,Disponível,Nenhuma,2026-03-28 11:07:27,CSV (Dados Históricos)
Hunter Tyson,,,Disponível,Nenhuma,2026-03-28 11:07:27,CSV (Dados Históricos)
Ibou Badji,,,Disponível,Nenhuma,2026-03-28 11:07:27,CSV (Dados Históricos)
Isaiah Wong,,,Disponível,Nenhuma,2026-03-28 11:07:27,CSV (Dados Históricos)
Izaiah Brockington,,,Disponível,Nenhuma,2026-03-28 11:07:27,CSV (Dados Históricos)
Jacob Toppin,,,Disponível,Nenhuma,2026-03-28 11:07:27,CSV (Dados Históricos)
Jaime Jaquez Jr.,,,Disponível,Nenhuma,2026-03-28 11:07:27,CSV (Dados Históricos)
Jalen Crutcher,,,Disponível,Nenhuma,2026-03-28 11:07:27,CSV (Dados Históricos)
Jalen Hood-Schifino,,,Disponível,Nenhuma,2026-03-28 11:07:27,CSV (Dados Históricos)
Jalen Pickett,,,Disponível,Nenhuma,2026-03-28 11:07:27,CSV (Dados Históricos)
Jalen Slawson,,,Disponível,Nenhuma,2026-03-28 11:07:27,CSV (Dados Históricos)
Jalen Wilson,,,Disponível,Nenhuma,2026-03-28 11:07:27,CSV (Dados Históricos)
Jarace Walker,,,Indisponível,Mar 29,2026-03-28 11:07:27,CSV (Dados Históricos)
Javon Freeman-Liberty,,,Disponível,Nenhuma,2026-03-28 11:07:27,CSV (Dados Históricos)
Jermaine Samuels Jr.,,,Disponível,Nenhuma,2026-03-28 11:07:27,CSV (Dados Históricos)
Jett Howard,,,Disponível,Nenhuma,2026-03-28 11:07:27,CSV (Dados Históricos)
Jordan Ford,,,Disponível,Nenhuma,2026-03-28 11:07:27,CSV (Dados Históricos)
Jordan Hawkins,,,Disponível,Nenhuma,2026-03-28 11:07:27,CSV (Dados Históricos)
Jordan Miller,,,Disponível,Nenhuma,2026-03-28 11:07:27,CSV (Dados Históricos)
Jordan Walsh,,,Disponível,Nenhuma,2026-03-28 11:07:27,CSV (Dados Históricos)
Jules Bernard,,,Disponível,Nenhuma,2026-03-28 11:07:27,CSV (Dados Históricos)
Julian Phillips,,,Disponível,Nenhuma,2026-03-28 11:07:27,CSV (Dados Históricos)
Julian Strawther,,,Disponível,Nenhuma,2026-03-28 11:07:27,CSV (Dados Históricos)
Kaiser Gates,,,Disponível,Nenhuma,2026-03-28 11:07:27,CSV (Dados Históricos)
Keyontae Johnson,,,Disponível,Nenhuma,2026-03-28 11:07:27,CSV (Dados Históricos)
Keyonte George,,,Indisponível,Mar 28,2026-03-28 11:07:27,CSV (Dados Históricos)
Kobe Brown,,,Disponível,Nenhuma,2026-03-28 11:07:27,CSV (Dados Históricos)
Kobe Bufkin,,,Disponível,Nenhuma,2026-03-28 11:07:27,CSV (Dados Históricos)
Kris Murray,,,Disponível,Nenhuma,2026-03-28 11:07:27,CSV (Dados Históricos)
Leaky Black,,,Disponível,Nenhuma,2026-03-28 11:07:27,CSV (Dados Históricos)
Leonard Miller,,,Disponível,Nenhuma,2026-03-28 11:07:27,CSV (Dados Históricos)
Malcolm Cazalon,,,Disponível,Nenhuma,2026-03-28 11:07:27,CSV (Dados Históricos)
Malik Williams,,,Disponível,Nenhuma,2026-03-28 11:07:27,CSV (Dados Históricos)
Maozinha Pereira,,,Disponível,Nenhuma,2026-03-28 11:07:27,CSV (Dados Históricos)
Marcus Sasser,,,Indisponível,Mar 28,2026-03-28 11:07:27,CSV (Dados Históricos)
Markquis Nowell,,,Disponível,Nenhuma,2026-03-28 11:07:27,CSV (Dados Históricos)
Matt Hurt,,,Disponível,Nenhuma,2026-03-28 11:07:27,CSV (Dados Históricos)
Maxwell Lewis,,,Disponível,Nenhuma,2026-03-28 11:07:27,CSV (Dados Históricos)
Mouhamadou Gueye,,,Disponível,Nenhuma,2026-03-28 11:07:27,CSV (Dados Históricos)
Mouhamed Gueye,,,Disponível,Nenhuma,2026-03-28 11:07:27,CSV (Dados Históricos)
Nathan Mensah,,,Disponível,Nenhuma,2026-03-28 11:07:27,CSV (Dados Históricos)
Nick Smith Jr.,,,Disponível,Nenhuma,2026-03-28 11:07:27,CSV (Dados Históricos)
Noah Clowney,,,Disponível,Nenhuma,2026-03-28 11:07:27,CSV (Dados Históricos)
Olivier-Maxence Prosper,,,Disponível,Nenhuma,2026-03-28 11:07:27,CSV (Dados Históricos)
Onuralp Bitim,,,Disponível,Nenhuma,2026-03-28 11:07:27,CSV (Dados Históricos)
Oscar Tshiebwe,,,Disponível,Nenhuma,2026-03-28 11:07:27,CSV (Dados Históricos)
Pat Spencer,,,Disponível,Nenhuma,2026-03-28 11:07:27,CSV (Dados Históricos)
Pete Nance,,,Disponível,Nenhuma,2026-03-28 11:07:27,CSV (Dados Históricos)
Rayan Rupert,,,Disponível,Nenhuma,2026-03-28 11:07:27,CSV (Dados Históricos)
Ricky Council IV,,,Disponível,Nenhuma,2026-03-28 11:07:27,CSV (Dados Históricos)
Sasha Vezenkov,,,Disponível,Nenhuma,2026-03-28 11:07:27,CSV (Dados Históricos)
Scoot Henderson,,,Disponível,Nenhuma,2026-03-28 11:07:27,CSV (Dados Históricos)
Seth Lundy,,,Disponível,Nenhuma,2026-03-28 11:07:27,CSV (Dados Históricos)
Sidy Cissoko,,,Disponível,Nenhuma,2026-03-28 11:07:27,CSV (Dados Históricos)
Taylor Hendricks,,,Disponível,Nenhuma,2026-03-28 11:07:27,CSV (Dados Históricos)
Taze Moore,,,Disponível,Nenhuma,2026-03-28 11:07:27,CSV (Dados Históricos)
Terquavion Smith,,,Disponível,Nenhuma,2026-03-28 11:07:27,CSV (Dados Históricos)
Timmy Allen,,,Disponível,Nenhuma,2026-03-28 11:07:27,CSV (Dados Históricos)
Tosan Evbuomwan,,,Disponível,Nenhuma,2026-03-28 11:07:27,CSV (Dados Históricos)
Toumani Camara,,,Disponível,Nenhuma,2026-03-28 11:07:27,CSV (Dados Históricos)
Trayce Jackson-Davis,,,Indisponível,Mar 29,2026-03-28 11:07:27,CSV (Dados Históricos)
Trey Jemison III,,,Disponível,Nenhuma,2026-03-28 11:07:27,CSV (Dados Históricos)
Tristan Vukcevic,,,Disponível,Nenhuma,2026-03-28 11:07:27,CSV (Dados Históricos)
Vasilije Micic,,,Disponível,Nenhuma,2026-03-28 11:07:27,CSV (Dados Históricos)
Victor Wembanyama,,,Disponível,Nenhuma,2026-03-28 11:07:27,CSV (Dados Históricos)
AJ Johnson,,,Disponível,Nenhuma,2026-03-28 11:07:27,CSV (Dados Históricos)
Adem Bona,,,Disponível,Nenhuma,2026-03-28 11:07:27,CSV (Dados Históricos)
Ajay Mitchell,,,Disponível,Nenhuma,2026-03-28 11:07:27,CSV (Dados Históricos)
Alex Ducas,,,Disponível,Nenhuma,2026-03-28 11:07:27,CSV (Dados Históricos)
Alex Reese,,,Disponível,Nenhuma,2026-03-28 11:07:27,CSV (Dados Históricos)
Alex Sarr,,,Disponível,Nenhuma,2026-03-28 11:07:27,CSV (Dados Históricos)
Anton Watson,,,Disponível,Nenhuma,2026-03-28 11:07:27,CSV (Dados Históricos)
Antonio Reeves,,,Disponível,Nenhuma,2026-03-28 11:07:27,CSV (Dados Históricos)
Ariel Hukporti,,,Disponível,Nenhuma,2026-03-28 11:07:27,CSV (Dados Históricos)
Armel Traore,,,Disponível,Nenhuma,2026-03-28 11:07:27,CSV (Dados Históricos)
Baylor Scheierman,,,Disponível,Nenhuma,2026-03-28 11:07:27,CSV (Dados Históricos)
Bobi Klintman,,,Disponível,Nenhuma,2026-03-28 11:07:27,CSV (Dados Históricos)
Branden Carlson,,,Disponível,Nenhuma,2026-03-28 11:07:28,CSV (Dados Históricos)
Bronny James,,,Disponível,Nenhuma,2026-03-28 11:07:28,CSV (Dados Históricos)
Bub Carrington,,,Disponível,Nenhuma,2026-03-28 11:07:28,CSV (Dados Históricos)
Cam Christie,,,Disponível,Nenhuma,2026-03-28 11:07:28,CSV (Dados Históricos)
Cam Spencer,,,Disponível,Nenhuma,2026-03-28 11:07:28,CSV (Dados Históricos)
Cody Williams,,,Disponível,Nenhuma,2026-03-28 11:07:28,CSV (Dados Históricos)
Cui Cui,,,Disponível,Nenhuma,2026-03-28 11:07:28,CSV (Dados Históricos)
Daeqwon Plowden,,,Disponível,Nenhuma,2026-03-28 11:07:28,CSV (Dados Históricos)
Dalton Knecht,,,Disponível,Nenhuma,2026-03-28 11:07:28,CSV (Dados Históricos)
Damion Baugh,,,Disponível,Nenhuma,2026-03-28 11:07:28,CSV (Dados Históricos)
Daniss Jenkins,,,Disponível,Nenhuma,2026-03-28 11:07:28,CSV (Dados Históricos)
Devin Carter,,,Disponível,Nenhuma,2026-03-28 11:07:28,CSV (Dados Históricos)
Dillon Jones,,,Disponível,Nenhuma,2026-03-28 11:07:28,CSV (Dados Históricos)
Donovan Clingan,,,Disponível,Nenhuma,2026-03-28 11:07:28,CSV (Dados Históricos)
Drew Timme,,,Disponível,Nenhuma,2026-03-28 11:07:28,CSV (Dados Históricos)
Elijah Harkless,,,Disponível,Nenhuma,2026-03-28 11:07:28,CSV (Dados Históricos)
Emanuel Miller,,,Disponível,Nenhuma,2026-03-28 11:07:28,CSV (Dados Históricos)
Enrique Freeman,,,Disponível,Nenhuma,2026-03-28 11:07:28,CSV (Dados Históricos)
Guerschon Yabusele,,,Disponível,Nenhuma,2026-03-28 11:07:28,CSV (Dados Históricos)
Harrison Ingram,,,Disponível,Nenhuma,2026-03-28 11:07:28,CSV (Dados Históricos)
Isaac Jones,,,Disponível,Nenhuma,2026-03-28 11:07:28,CSV (Dados Históricos)
Isaiah Collier,,,Indisponível,Mar 28,2026-03-28 11:07:28,CSV (Dados Históricos)
Isaiah Crawford,,,Disponível,Nenhuma,2026-03-28 11:07:28,CSV (Dados Históricos)
Isaiah Stevens,,,Indisponível,Mar 28,2026-03-28 11:07:28,CSV (Dados Históricos)
Ja'Kobe Walter,,,Disponível,Nenhuma,2026-03-28 11:07:28,CSV (Dados Históricos)
Jack McVeigh,,,Disponível,Nenhuma,2026-03-28 11:07:28,CSV (Dados Históricos)
Jackson Rowe,,,Disponível,Nenhuma,2026-03-28 11:07:28,CSV (Dados Históricos)
Jahmir Young,,,Disponível,Nenhuma,2026-03-28 11:07:28,CSV (Dados Históricos)
Jalen Bridges,,,Disponível,Nenhuma,2026-03-28 11:07:28,CSV (Dados Históricos)
Jamal Shead,,,Disponível,Nenhuma,2026-03-28 11:07:28,CSV (Dados Históricos)
Jamison Battle,,,Disponível,Nenhuma,2026-03-28 11:07:28,CSV (Dados Históricos)
Jared McCain,,,Disponível,Nenhuma,2026-03-28 11:07:28,CSV (Dados Históricos)
Jaylen Clark,,,Disponível,Nenhuma,2026-03-28 11:07:28,CSV (Dados Históricos)
Jaylen Martin,,,Disponível,Nenhuma,2026-03-28 11:07:28,CSV (Dados Históricos)
Jaylen Sims,,,Disponível,Nenhuma,2026-03-28 11:07:28,CSV (Dados Históricos)
Jaylen Wells,,,Indisponível,Mar 28,2026-03-28 11:07:28,CSV (Dados Históricos)
Jaylon Tyson,,,Indisponível,Mar 30,2026-03-28 11:07:28,CSV (Dados Históricos)
Jazian Gortman,,,Disponível,Nenhuma,2026-03-28 11:07:28,CSV (Dados Históricos)
Jesse Edwards,,,Disponível,Nenhuma,2026-03-28 11:07:28,CSV (Dados Históricos)
Johnny Furphy,,,Indisponível,Jan 1,2026-03-28 11:07:28,CSV (Dados Históricos)
Jonathan Mogbo,,,Disponível,Nenhuma,2026-03-28 11:07:28,CSV (Dados Históricos)
Justin Edwards,,,Disponível,Nenhuma,2026-03-28 11:07:28,CSV (Dados Históricos)
KJ Simpson,,,Disponível,Nenhuma,2026-03-28 11:07:28,CSV (Dados Históricos)
Karlo Matković,,,Disponível,Nenhuma,2026-03-28 11:07:28,CSV (Dados Históricos)
Keaton Wallace,,,Disponível,Nenhuma,2026-03-28 11:07:28,CSV (Dados Históricos)
Keion Brooks Jr.,,,Disponível,Nenhuma,2026-03-28 11:07:28,CSV (Dados Históricos)
Kel'el Ware,,,Disponível,Nenhuma,2026-03-28 11:07:28,CSV (Dados Históricos)
Keshad Johnson,,,Disponível,Nenhuma,2026-03-28 11:07:28,CSV (Dados Históricos)
Kevin McCullar Jr.,,,Indisponível,Mar 29,2026-03-28 11:07:28,CSV (Dados Históricos)
Kyle Filipowski,,,Disponível,Nenhuma,2026-03-28 11:07:28,CSV (Dados Históricos)
Kylor Kelley,,,Disponível,Nenhuma,2026-03-28 11:07:28,CSV (Dados Históricos)
Kyshawn George,,,Indisponível,Apr 1,2026-03-28 11:07:28,CSV (Dados Históricos)
Liam Robbins,,,Disponível,Nenhuma,2026-03-28 11:07:28,CSV (Dados Históricos)
Luke Travers,,,Disponível,Nenhuma,2026-03-28 11:07:28,CSV (Dados Históricos)
Malevy Leons,,,Disponível,Nenhuma,2026-03-28 11:07:28,CSV (Dados Históricos)
Marcus Bagley,,,Disponível,Nenhuma,2026-03-28 11:07:28,CSV (Dados Históricos)
Matas Buzelis,,,Disponível,Nenhuma,2026-03-28 11:07:28,CSV (Dados Históricos)
Miles Norris,,,Disponível,Nenhuma,2026-03-28 11:07:28,CSV (Dados Históricos)
N'Faly Dante,,,Disponível,Nenhuma,2026-03-28 11:07:28,CSV (Dados Históricos)
Nae'Qwan Tomlin,,,Disponível,Nenhuma,2026-03-28 11:07:28,CSV (Dados Históricos)
Oso Ighodaro,,,Disponível,Nenhuma,2026-03-28 11:07:28,CSV (Dados Históricos)
PJ Hall,,,Disponível,Nenhuma,2026-03-28 11:07:28,CSV (Dados Históricos)
Pacôme Dadiet,,,Disponível,Nenhuma,2026-03-28 11:07:28,CSV (Dados Históricos)
Pelle Larsson,,,Disponível,Nenhuma,2026-03-28 11:07:28,CSV (Dados Históricos)
Phillip Wheeler,,,Disponível,Nenhuma,2026-03-28 11:07:28,CSV (Dados Históricos)
Quincy Olivari,,,Disponível,Nenhuma,2026-03-28 11:07:28,CSV (Dados Históricos)
Quinten Post,,,Indisponível,Mar 29,2026-03-28 11:07:28,CSV (Dados Históricos)
RayJ Dennis,,,Disponível,Nenhuma,2026-03-28 11:07:28,CSV (Dados Históricos)
Reece Beekman,,,Disponível,Nenhuma,2026-03-28 11:07:28,CSV (Dados Históricos)
Reed Sheppard,,,Disponível,Nenhuma,2026-03-28 11:07:28,CSV (Dados Históricos)
Riley Minix,,,Disponível,Nenhuma,2026-03-28 11:07:28,CSV (Dados Históricos)
Rob Dillingham,,,Disponível,Nenhuma,2026-03-28 11:07:28,CSV (Dados Históricos)
Ronald Holland II,,,Disponível,Nenhuma,2026-03-28 11:07:28,CSV (Dados Históricos)
Ryan Dunn,,,Disponível,Nenhuma,2026-03-28 11:07:28,CSV (Dados Históricos)
Spencer Jones,,,Disponível,Nenhuma,2026-03-28 11:07:28,CSV (Dados Históricos)
Stephon Castle,,,Disponível,Nenhuma,2026-03-28 11:07:28,CSV (Dados Históricos)
Terrence Shannon Jr.,,,Disponível,Nenhuma,2026-03-28 11:07:28,CSV (Dados Históricos)
Tidjane Salaün,,,Disponível,Nenhuma,2026-03-28 11:07:28,CSV (Dados Históricos)
Tolu Smith,,,Disponível,Nenhuma,2026-03-28 11:07:28,CSV (Dados Históricos)
Trentyn Flowers,,,Disponível,Nenhuma,2026-03-28 11:07:28,CSV (Dados Históricos)
Trey Alexander,,,Disponível,Nenhuma,2026-03-28 11:07:28,CSV (Dados Históricos)
Tristan da Silva,,,Disponível,Nenhuma,2026-03-28 11:07:28,CSV (Dados Históricos)
Tristen Newton,,,Disponível,Nenhuma,2026-03-28 11:07:28,CSV (Dados Históricos)
Tyler Kolek,,,Disponível,Nenhuma,2026-03-28 11:07:28,CSV (Dados Históricos)
Tyler Smith,,,Disponível,Nenhuma,2026-03-28 11:07:28,CSV (Dados Históricos)
Tyson Etienne,,,Disponível,Nenhuma,2026-03-28 11:07:28,CSV (Dados Históricos)
Ulrich Chomche,,,Disponível,Nenhuma,2026-03-28 11:07:28,CSV (Dados Históricos)
Yuki Kawamura,,,Indisponível,Mar 28,2026-03-28 11:07:28,CSV (Dados Históricos)
Yuri Collins,,,Disponível,Nenhuma,2026-03-28 11:07:28,CSV (Dados Históricos)
Yves Missi,,,Disponível,Nenhuma,2026-03-28 11:07:28,CSV (Dados Históricos)
Zaccharie Risacher,,,Disponível,Nenhuma,2026-03-28 11:07:28,CSV (Dados Históricos)
Zach Edey,,,Indisponível,Oct 1,2026-03-28 11:07:28,CSV (Dados Históricos)
Zyon Pullin,,,Disponível,Nenhuma,2026-03-28 11:07:28,CSV (Dados Históricos)
Ace Bailey,,,Disponível,Nenhuma,2026-03-28 11:07:28,CSV (Dados Históricos)
Adou Thiero,,,Indisponível,Mar 30,2026-03-28 11:07:28,CSV (Dados Históricos)
Alex Morales,,,Disponível,Nenhuma,2026-03-28 11:07:28,CSV (Dados Históricos)
Alijah Martin,,,Disponível,Nenhuma,2026-03-28 11:07:28,CSV (Dados Históricos)
Amari Williams,,,Disponível,Nenhuma,2026-03-28 11:07:28,CSV (Dados Históricos)
Andersson Garcia,,,Disponível,Nenhuma,2026-03-28 11:07:28,CSV (Dados Históricos)
Asa Newell,,,Disponível,Nenhuma,2026-03-28 11:07:28,CSV (Dados Históricos)
Ben Saraf,,,Disponível,Nenhuma,2026-03-28 11:07:28,CSV (Dados Históricos)
Bez Mbeng,,,Disponível,Nenhuma,2026-03-28 11:07:28,CSV (Dados Históricos)
Blake Hinson,,,Disponível,Nenhuma,2026-03-28 11:07:28,CSV (Dados Históricos)
Brooks Barnhizer,,,Indisponível,Mar 28,2026-03-28 11:07:28,CSV (Dados Históricos)
CJ Huntley,,,Disponível,Nenhuma,2026-03-28 11:07:28,CSV (Dados Históricos)
Caleb Love,,,Disponível,Nenhuma,2026-03-28 11:07:28,CSV (Dados Históricos)
Carter Bryant,,,Disponível,Nenhuma,2026-03-28 11:07:28,CSV (Dados Históricos)
Cedric Coward,,,Disponível,Nenhuma,2026-03-28 11:07:28,CSV (Dados Históricos)
Chaney Johnson,,,Disponível,Nenhuma,2026-03-28 11:07:28,CSV (Dados Históricos)
Chaz Lanier,,,Disponível,Nenhuma,2026-03-28 11:07:28,CSV (Dados Históricos)
Chris Mañon,,,Disponível,Nenhuma,2026-03-28 11:07:28,CSV (Dados Históricos)
Chris Youngblood,,,Disponível,Nenhuma,2026-03-28 11:07:28,CSV (Dados Históricos)
Chucky Hepburn,,,Indisponível,Mar 29,2026-03-28 11:07:28,CSV (Dados Históricos)
Collin Murray-Boyles,,,Indisponível,Mar 29,2026-03-28 11:07:28,CSV (Dados Históricos)
Cooper Flagg,,,Disponível,Nenhuma,2026-03-28 11:07:28,CSV (Dados Históricos)
Cormac Ryan,,,Disponível,Nenhuma,2026-03-28 11:07:28,CSV (Dados Históricos)
Curtis Jones,,,Disponível,Nenhuma,2026-03-28 11:07:28,CSV (Dados Históricos)
DaRon Holmes II,,,Disponível,Nenhuma,2026-03-28 11:07:28,CSV (Dados Históricos)
Danny Wolf,,,Indisponível,Mar 29,2026-03-28 11:07:28,CSV (Dados Históricos)
Darius Brown,,,Disponível,Nenhuma,2026-03-28 11:07:28,CSV (Dados Históricos)
David Jones Garcia,,,Indisponível,Jul 2,2026-03-28 11:07:28,CSV (Dados Históricos)
Derik Queen,,,Disponível,Nenhuma,2026-03-28 11:07:28,CSV (Dados Históricos)
Drake Powell,,,Disponível,Nenhuma,2026-03-28 11:07:28,CSV (Dados Históricos)
Dylan Cardwell,,,Disponível,Nenhuma,2026-03-28 11:07:28,CSV (Dados Históricos)
Dylan Harper,,,Disponível,Nenhuma,2026-03-28 11:07:28,CSV (Dados Históricos)
Egor Dëmin,,,Disponível,Nenhuma,2026-03-28 11:07:28,CSV (Dados Históricos)
Ethan Thompson,,,Disponível,Nenhuma,2026-03-28 11:07:28,CSV (Dados Históricos)
Grant Nelson,,,Disponível,Nenhuma,2026-03-28 11:07:28,CSV (Dados Históricos)
Hugo González,,,Disponível,Nenhuma,2026-03-28 11:07:28,CSV (Dados Históricos)
Hunter Dickinson,,,Indisponível,Mar 29,2026-03-28 11:07:28,CSV (Dados Históricos)
Hunter Sallis,,,Disponível,Nenhuma,2026-03-28 11:07:28,CSV (Dados Históricos)
Jahmai Mashack,,,Indisponível,Mar 28,2026-03-28 11:07:28,CSV (Dados Históricos)
Jahmyl Telfort,,,Disponível,Nenhuma,2026-03-28 11:07:28,CSV (Dados Históricos)
Jamir Watkins,,,Disponível,Nenhuma,2026-03-28 11:07:28,CSV (Dados Históricos)
Jase Richardson,,,Disponível,Nenhuma,2026-03-28 11:07:28,CSV (Dados Históricos)
Javon Small,,,Disponível,Nenhuma,2026-03-28 11:07:28,CSV (Dados Históricos)
Javonte Cooke,,,Disponível,Nenhuma,2026-03-28 11:07:28,CSV (Dados Históricos)
Jayson Kent,,,Disponível,Nenhuma,2026-03-28 11:07:28,CSV (Dados Históricos)
Jeremiah Fears,,,Disponível,Nenhuma,2026-03-28 11:07:28,CSV (Dados Históricos)
Joan Beringer,,,Disponível,Nenhuma,2026-03-28 11:07:28,CSV (Dados Históricos)
John Poulakidas,,,Disponível,Nenhuma,2026-03-28 11:07:28,CSV (Dados Históricos)
John Tonje,,,Disponível,Nenhuma,2026-03-28 11:07:28,CSV (Dados Históricos)
Johni Broome,,,Indisponível,Apr 1,2026-03-28 11:07:28,CSV (Dados Históricos)
Julian Reese,,,Disponível,Nenhuma,2026-03-28 11:07:28,CSV (Dados Históricos)
Kadary Richmond,,,Disponível,Nenhuma,2026-03-28 11:07:28,CSV (Dados Históricos)
Kam Jones,,,Disponível,Nenhuma,2026-03-28 11:07:28,CSV (Dados Históricos)
Kasparas Jakučionis,,,Disponível,Nenhuma,2026-03-28 11:07:28,CSV (Dados Históricos)
Keshon Gilbert,,,Disponível,Nenhuma,2026-03-28 11:07:28,CSV (Dados Históricos)
Khaman Maluach,,,Disponível,Nenhuma,2026-03-28 11:07:28,CSV (Dados Históricos)
Kobe Sanders,,,Disponível,Nenhuma,2026-03-28 11:07:28,CSV (Dados Históricos)
Koby Brea,,,Disponível,Nenhuma,2026-03-28 11:07:28,CSV (Dados Históricos)
Kon Knueppel,,,Disponível,Nenhuma,2026-03-28 11:07:28,CSV (Dados Históricos)
LJ Cryer,,,Disponível,Nenhuma,2026-03-28 11:07:28,CSV (Dados Históricos)
Lachlan Olbrich,,,Disponível,Nenhuma,2026-03-28 11:07:28,CSV (Dados Históricos)
Lawson Lovering,,,Disponível,Nenhuma,2026-03-28 11:07:28,CSV (Dados Históricos)
Liam McNeeley,,,Disponível,Nenhuma,2026-03-28 11:07:28,CSV (Dados Históricos)
Malachi Smith,,,Disponível,Nenhuma,2026-03-28 11:07:28,CSV (Dados Históricos)
Mark Sears,,,Disponível,Nenhuma,2026-03-28 11:07:28,CSV (Dados Históricos)
Max Shulga,,,Disponível,Nenhuma,2026-03-28 11:07:28,CSV (Dados Históricos)
Maxime Raynaud,,,Disponível,Nenhuma,2026-03-28 11:07:28,CSV (Dados Históricos)
Micah Peavy,,,Disponível,Nenhuma,2026-03-28 11:07:28,CSV (Dados Históricos)
Miles Kelly,,,Disponível,Nenhuma,2026-03-28 11:07:28,CSV (Dados Históricos)
Mohamed Diawara,,,Disponível,Nenhuma,2026-03-28 11:07:28,CSV (Dados Históricos)
Moussa Cisse,,,Disponível,Nenhuma,2026-03-28 11:07:28,CSV (Dados Históricos)
Myron Gardner,,,Disponível,Nenhuma,2026-03-28 11:07:28,CSV (Dados Históricos)
Nigel Hayes-Davis,,,Disponível,Nenhuma,2026-03-28 11:07:28,CSV (Dados Históricos)
Nikola Topić,,,Disponível,Nenhuma,2026-03-28 11:07:28,CSV (Dados Históricos)
Nique Clifford,,,Indisponível,Mar 28,2026-03-28 11:07:28,CSV (Dados Históricos)
Noa Essengue,,,Indisponível,Oct 1,2026-03-28 11:07:28,CSV (Dados Históricos)
Noah Penda,,,Disponível,Nenhuma,2026-03-28 11:07:28,CSV (Dados Históricos)
Nolan Traore,,,Disponível,Nenhuma,2026-03-28 11:07:28,CSV (Dados Históricos)
Norchad Omier,,,Disponível,Nenhuma,2026-03-28 11:07:28,CSV (Dados Históricos)
Payton Sandfort,,,Disponível,Nenhuma,2026-03-28 11:07:28,CSV (Dados Históricos)
Rasheer Fleming,,,Disponível,Nenhuma,2026-03-28 11:07:28,CSV (Dados Históricos)
Rocco Zikarsky,,,Disponível,Nenhuma,2026-03-28 11:07:28,CSV (Dados Históricos)
Ryan Kalkbrenner,,,Disponível,Nenhuma,2026-03-28 11:07:28,CSV (Dados Históricos)
Ryan Nembhard,,,Disponível,Nenhuma,2026-03-28 11:07:28,CSV (Dados Históricos)
Sean Pedulla,,,Disponível,Nenhuma,2026-03-28 11:07:28,CSV (Dados Históricos)
Sion James,,,Disponível,Nenhuma,2026-03-28 11:07:28,CSV (Dados Históricos)
Taelon Peter,,,Disponível,Nenhuma,2026-03-28 11:07:28,CSV (Dados Históricos)
Tre Johnson,,,Disponível,Nenhuma,2026-03-28 11:07:28,CSV (Dados Históricos)
Tristan Enaruna,,,Disponível,Nenhuma,2026-03-28 11:07:28,CSV (Dados Históricos)
Tyler Burton,,,Disponível,Nenhuma,2026-03-28 11:07:28,CSV (Dados Históricos)
Tyrese Proctor,,,Disponível,Nenhuma,2026-03-28 11:07:28,CSV (Dados Históricos)
VJ Edgecombe,,,Disponível,Nenhuma,2026-03-28 11:07:28,CSV (Dados Históricos)
Vladislav Goldin,,,Disponível,Nenhuma,2026-03-28 11:07:28,CSV (Dados Históricos)
Walter Clayton Jr.,,,Disponível,Nenhuma,2026-03-28 11:07:28,CSV (Dados Históricos)
Will Richard,,,Disponível,Nenhuma,2026-03-28 11:07:28,CSV (Dados Históricos)
Will Riley,,,Disponível,Nenhuma,2026-03-28 11:07:28,CSV (Dados Históricos)
Yang Hansen,,,Disponível,Nenhuma,2026-03-28 11:07:28,CSV (Dados Históricos)
Yanic Konan Niederhäuser,,,Disponível,Nenhuma,2026-03-28 11:07:28,CSV (Dados Históricos)
